date,product_id,product_category,region,daily_sales,price,promotion,weekday
2022-01-01,1003,Household,Urban,1583,5.190661374,0,5
2022-01-02,1004,Personal Care,Urban,1103,8.949595985,0,6
2022-01-03,1002,Dairy,Rural,455,4.867987327,0,0
2022-01-04,1004,Personal Care,Urban,1107,16.96859572,1,1
2022-01-05,1004,Personal Care,Rural,1447,4.309673395,1,2
2022-01-06,1005,Snacks,Urban,1256,19.25483048,1,3
2022-01-07,1002,Dairy,Semi-Urban,987,8.902239957,0,4
2022-01-08,1002,Dairy,Rural,1928,17.07866055,0,5
2022-01-09,1002,Dairy,Rural,1963,12.94653155,1,6
2022-01-10,1004,Personal Care,Urban,226,14.97165567,1,0
2022-01-11,1003,Household,Rural,1229,15.58675387,0,1
2022-01-12,1002,Dairy,Rural,1108,10.59205276,0,2
2022-01-13,1004,Personal Care,Semi-Urban,703,11.32270994,0,3
2022-01-14,1005,Snacks,Semi-Urban,1922,10.76592149,0,4
2022-01-15,1003,Household,Urban,1501,12.17310918,1,5
2022-01-16,1005,Snacks,Semi-Urban,1113,1.558494469,0,6
2022-01-17,1003,Household,Urban,150,8.514788227,0,0
2022-01-18,1004,Personal Care,Urban,1152,12.51758556,0,1
2022-01-19,1001,Beverages,Urban,1585,12.35674774,1,2
2022-01-20,1003,Household,Rural,1419,16.0661658,1,3
2022-01-21,1005,Snacks,Semi-Urban,1420,13.44517744,0,4
2022-01-22,1004,Personal Care,Urban,1849,19.85053301,0,5
2022-01-23,1003,Household,Semi-Urban,878,6.393236044,0,6
2022-01-24,1001,Beverages,Urban,1530,7.823869564,1,0
2022-01-25,1001,Beverages,Semi-Urban,1892,8.293095885,1,1
2022-01-26,1002,Dairy,Semi-Urban,913,9.850443333,1,2
2022-01-27,1002,Dairy,Urban,1736,16.88396321,0,3
2022-01-28,1005,Snacks,Rural,1528,5.480049785,1,4
2022-01-29,1003,Household,Semi-Urban,1469,15.74400393,0,5
2022-01-30,1003,Household,Rural,1745,8.700893479,0,6
2022-01-31,1002,Dairy,Rural,519,12.43525229,0,0
2022-02-01,1003,Household,Urban,1305,13.01827013,1,1
2022-02-02,1003,Household,Urban,1082,8.084124107,0,2
2022-02-03,1001,Beverages,Urban,924,10.7396889,1,3
2022-02-04,1002,Dairy,Semi-Urban,1124,8.847592318,1,4
2022-02-05,1004,Personal Care,Urban,1954,2.313522938,0,5
2022-02-06,1002,Dairy,Urban,666,9.306142388,0,6
2022-02-07,1004,Personal Care,Semi-Urban,470,2.850474459,1,0
2022-02-08,1001,Beverages,Semi-Urban,1035,8.695395183,0,1
2022-02-09,1005,Snacks,Urban,760,12.2654496,1,2
2022-02-10,1003,Household,Urban,1554,12.00888309,0,3
2022-02-11,1001,Beverages,Urban,1068,13.5898043,1,4
2022-02-12,1003,Household,Urban,1432,2.809968651,1,5
2022-02-13,1005,Snacks,Rural,1260,13.39034167,1,6
2022-02-14,1005,Snacks,Rural,301,6.930813077,1,0
2022-02-15,1001,Beverages,Urban,1559,8.581872977,0,1
2022-02-16,1005,Snacks,Rural,412,17.30173882,0,2
2022-02-17,1004,Personal Care,Semi-Urban,216,1.171577678,1,3
2022-02-18,1005,Snacks,Rural,1789,12.17984003,1,4
2022-02-19,1003,Household,Rural,1036,12.37556562,0,5
2022-02-20,1003,Household,Urban,1926,8.536535751,0,6
2022-02-21,1003,Household,Rural,674,5.503529285,0,0
2022-02-22,1003,Household,Rural,343,5.458806727,0,1
2022-02-23,1004,Personal Care,Rural,636,17.79048372,0,2
2022-02-24,1002,Dairy,Rural,1725,9.398463102,0,3
2022-02-25,1001,Beverages,Semi-Urban,174,7.286897897,1,4
2022-02-26,1003,Household,Urban,1929,9.526773903,0,5
2022-02-27,1005,Snacks,Urban,485,13.71841763,0,6
2022-02-28,1003,Household,Semi-Urban,1333,3.769374797,1,0
2022-03-01,1005,Snacks,Rural,574,9.539242869,0,1
2022-03-02,1005,Snacks,Semi-Urban,517,12.16980305,0,2
2022-03-03,1003,Household,Rural,446,19.02308374,0,3
2022-03-04,1004,Personal Care,Semi-Urban,1652,5.798027859,0,4
2022-03-05,1005,Snacks,Urban,739,7.82576421,0,5
2022-03-06,1005,Snacks,Urban,1038,8.207813209,1,6
2022-03-07,1003,Household,Urban,1054,12.505225,0,0
2022-03-08,1005,Snacks,Rural,975,7.777909008,1,1
2022-03-09,1005,Snacks,Rural,862,11.13672658,1,2
2022-03-10,1003,Household,Semi-Urban,1302,15.85401627,0,3
2022-03-11,1003,Household,Semi-Urban,1305,14.40232629,1,4
2022-03-12,1001,Beverages,Urban,763,9.481004284,0,5
2022-03-13,1004,Personal Care,Rural,124,17.42010738,1,6
2022-03-14,1004,Personal Care,Semi-Urban,1303,11.60466474,1,0
2022-03-15,1005,Snacks,Rural,809,11.25821095,0,1
2022-03-16,1004,Personal Care,Rural,1624,1.649567553,0,2
2022-03-17,1005,Snacks,Urban,1979,19.74716663,0,3
2022-03-18,1001,Beverages,Urban,1284,3.336445362,0,4
2022-03-19,1003,Household,Rural,276,5.391487336,0,5
2022-03-20,1003,Household,Rural,384,1.982239908,1,6
2022-03-21,1003,Household,Rural,162,13.16005637,1,0
2022-03-22,1004,Personal Care,Rural,1102,5.269322362,1,1
2022-03-23,1001,Beverages,Urban,761,4.420198312,1,2
2022-03-24,1004,Personal Care,Semi-Urban,765,2.6825561,1,3
2022-03-25,1004,Personal Care,Urban,255,2.962870185,1,4
2022-03-26,1001,Beverages,Semi-Urban,1592,12.10874331,1,5
2022-03-27,1001,Beverages,Rural,1172,14.07594945,0,6
2022-03-28,1001,Beverages,Semi-Urban,1066,8.550200781,0,0
2022-03-29,1001,Beverages,Urban,948,10.11804455,1,1
2022-03-30,1003,Household,Urban,1207,14.03338698,1,2
2022-03-31,1002,Dairy,Rural,1484,1.330216014,0,3
2022-04-01,1002,Dairy,Urban,788,7.139482484,0,4
2022-04-02,1001,Beverages,Rural,247,19.48885721,0,5
2022-04-03,1002,Dairy,Urban,1753,12.02213236,0,6
2022-04-04,1002,Dairy,Urban,441,5.830267018,1,0
2022-04-05,1001,Beverages,Rural,575,10.91287089,0,1
2022-04-06,1002,Dairy,Semi-Urban,1186,7.510416274,1,2
2022-04-07,1004,Personal Care,Urban,1824,11.11265479,1,3
2022-04-08,1005,Snacks,Semi-Urban,1483,3.389088724,1,4
2022-04-09,1005,Snacks,Urban,660,3.521578423,0,5
2022-04-10,1001,Beverages,Urban,426,3.727304879,0,6
2022-04-11,1003,Household,Urban,1892,18.85657605,1,0
2022-04-12,1001,Beverages,Urban,1859,14.92507945,1,1
2022-04-13,1003,Household,Semi-Urban,1264,4.085255999,1,2
2022-04-14,1005,Snacks,Semi-Urban,1089,4.578632592,0,3
2022-04-15,1001,Beverages,Urban,314,14.88576002,1,4
2022-04-16,1004,Personal Care,Urban,534,3.967113051,0,5
2022-04-17,1002,Dairy,Semi-Urban,1051,5.456664573,1,6
2022-04-18,1003,Household,Rural,822,19.30358982,1,0
2022-04-19,1002,Dairy,Rural,1441,5.85082397,1,1
2022-04-20,1002,Dairy,Semi-Urban,131,13.57101466,0,2
2022-04-21,1001,Beverages,Urban,769,19.59399446,0,3
2022-04-22,1002,Dairy,Urban,384,8.111638576,1,4
2022-04-23,1004,Personal Care,Rural,1428,1.332803826,0,5
2022-04-24,1002,Dairy,Rural,528,5.638798518,1,6
2022-04-25,1001,Beverages,Semi-Urban,1600,16.78666664,0,0
2022-04-26,1004,Personal Care,Rural,385,17.42756788,0,1
2022-04-27,1005,Snacks,Semi-Urban,1267,15.60186793,0,2
2022-04-28,1002,Dairy,Rural,1547,3.149086562,1,3
2022-04-29,1001,Beverages,Rural,1142,16.11469706,0,4
2022-04-30,1005,Snacks,Rural,117,18.45487814,0,5
2022-05-01,1005,Snacks,Urban,868,12.41158131,1,6
2022-05-02,1003,Household,Urban,689,18.87663177,1,0
2022-05-03,1004,Personal Care,Urban,1494,16.70993879,1,1
2022-05-04,1002,Dairy,Rural,1298,13.67245882,1,2
2022-05-05,1001,Beverages,Semi-Urban,1109,11.9665195,0,3
2022-05-06,1003,Household,Semi-Urban,293,7.622899678,0,4
2022-05-07,1004,Personal Care,Semi-Urban,601,4.02646146,0,5
2022-05-08,1003,Household,Semi-Urban,1087,12.49412453,0,6
2022-05-09,1004,Personal Care,Urban,1236,7.044119519,0,0
2022-05-10,1004,Personal Care,Urban,213,17.46233468,1,1
2022-05-11,1002,Dairy,Rural,1345,19.87340181,0,2
2022-05-12,1004,Personal Care,Rural,1801,15.29612749,0,3
2022-05-13,1003,Household,Semi-Urban,1046,2.71915221,0,4
2022-05-14,1004,Personal Care,Urban,930,6.485026315,1,5
2022-05-15,1002,Dairy,Semi-Urban,1767,3.073083004,1,6
2022-05-16,1002,Dairy,Rural,1387,13.35972131,0,0
2022-05-17,1003,Household,Rural,1024,15.53862643,1,1
2022-05-18,1005,Snacks,Semi-Urban,154,18.58782179,1,2
2022-05-19,1005,Snacks,Rural,1994,9.325274582,1,3
2022-05-20,1004,Personal Care,Semi-Urban,1766,18.12613734,1,4
2022-05-21,1001,Beverages,Urban,899,17.67993202,1,5
2022-05-22,1004,Personal Care,Semi-Urban,877,7.026718619,1,6
2022-05-23,1003,Household,Urban,1581,17.50911189,1,0
2022-05-24,1003,Household,Urban,261,8.137772786,0,1
2022-05-25,1003,Household,Rural,1503,6.640516217,0,2
2022-05-26,1003,Household,Rural,186,13.33241852,1,3
2022-05-27,1003,Household,Rural,154,7.23924333,0,4
2022-05-28,1002,Dairy,Semi-Urban,1599,12.97396622,0,5
2022-05-29,1005,Snacks,Semi-Urban,1923,12.5868043,1,6
2022-05-30,1003,Household,Rural,1301,11.70533962,0,0
2022-05-31,1001,Beverages,Semi-Urban,1514,8.22797438,1,1
2022-06-01,1001,Beverages,Rural,1472,11.42149471,1,2
2022-06-02,1001,Beverages,Semi-Urban,1131,12.33322402,1,3
2022-06-03,1001,Beverages,Urban,932,11.36805088,0,4
2022-06-04,1002,Dairy,Urban,412,9.443969602,0,5
2022-06-05,1001,Beverages,Rural,858,1.278674084,0,6
2022-06-06,1003,Household,Semi-Urban,1958,12.15417245,0,0
2022-06-07,1004,Personal Care,Semi-Urban,542,4.200443318,1,1
2022-06-08,1001,Beverages,Urban,1890,13.20894341,1,2
2022-06-09,1002,Dairy,Urban,427,15.42754223,0,3
2022-06-10,1002,Dairy,Rural,1177,10.50846087,1,4
2022-06-11,1001,Beverages,Urban,860,11.30490963,1,5
2022-06-12,1004,Personal Care,Rural,1362,19.07809263,0,6
2022-06-13,1001,Beverages,Urban,1352,17.09617987,1,0
2022-06-14,1002,Dairy,Urban,678,18.3704938,0,1
2022-06-15,1005,Snacks,Semi-Urban,1174,16.46155948,1,2
2022-06-16,1003,Household,Urban,1732,3.069448495,0,3
2022-06-17,1002,Dairy,Urban,1727,3.830845263,1,4
2022-06-18,1001,Beverages,Rural,1106,11.00585215,1,5
2022-06-19,1003,Household,Urban,1387,5.675323517,0,6
2022-06-20,1001,Beverages,Rural,1541,10.05721403,0,0
2022-06-21,1001,Beverages,Urban,1926,8.492941153,0,1
2022-06-22,1005,Snacks,Urban,195,11.43887053,0,2
2022-06-23,1003,Household,Rural,1211,15.19063861,1,3
2022-06-24,1003,Household,Semi-Urban,1201,14.59432723,1,4
2022-06-25,1005,Snacks,Rural,1411,10.90344852,0,5
2022-06-26,1002,Dairy,Rural,1243,16.62547496,1,6
2022-06-27,1001,Beverages,Rural,913,9.186379739,0,0
2022-06-28,1004,Personal Care,Semi-Urban,590,18.03757151,0,1
2022-06-29,1001,Beverages,Urban,551,2.354325131,1,2
2022-06-30,1001,Beverages,Rural,1623,19.13854057,1,3
2022-07-01,1002,Dairy,Rural,264,13.43916855,0,4
2022-07-02,1001,Beverages,Semi-Urban,281,8.22141567,0,5
2022-07-03,1005,Snacks,Rural,568,4.745928405,0,6
2022-07-04,1005,Snacks,Urban,1009,10.10448136,1,0
2022-07-05,1003,Household,Semi-Urban,834,4.696608141,1,1
2022-07-06,1004,Personal Care,Urban,922,4.160300547,1,2
2022-07-07,1001,Beverages,Urban,1043,12.72968339,1,3
2022-07-08,1001,Beverages,Semi-Urban,106,10.93860977,0,4
2022-07-09,1002,Dairy,Rural,429,13.73182466,0,5
2022-07-10,1005,Snacks,Urban,874,18.66251167,0,6
2022-07-11,1004,Personal Care,Urban,1796,11.11294405,0,0
2022-07-12,1003,Household,Urban,250,12.03770901,0,1
2022-07-13,1005,Snacks,Urban,1208,2.702900444,0,2
2022-07-14,1003,Household,Semi-Urban,246,14.63507993,1,3
2022-07-15,1002,Dairy,Semi-Urban,1747,8.598198929,1,4
2022-07-16,1002,Dairy,Urban,1504,19.55777953,0,5
2022-07-17,1001,Beverages,Rural,1014,16.6403063,0,6
2022-07-18,1004,Personal Care,Urban,1671,10.92713977,1,0
2022-07-19,1003,Household,Rural,1408,3.341230429,1,1
2022-07-20,1005,Snacks,Urban,799,17.32890007,1,2
2022-07-21,1002,Dairy,Rural,181,16.19584081,1,3
2022-07-22,1001,Beverages,Urban,613,4.507117461,0,4
2022-07-23,1001,Beverages,Rural,914,6.610287495,0,5
2022-07-24,1003,Household,Urban,808,16.0747379,0,6
2022-07-25,1002,Dairy,Urban,1646,4.519340484,0,0
2022-07-26,1004,Personal Care,Rural,845,18.43729729,0,1
2022-07-27,1002,Dairy,Semi-Urban,1122,9.066021079,1,2
2022-07-28,1003,Household,Rural,1509,2.653740289,0,3
2022-07-29,1003,Household,Semi-Urban,806,16.49922423,1,4
2022-07-30,1002,Dairy,Urban,570,8.096683978,0,5
2022-07-31,1003,Household,Rural,1242,11.00348469,0,6
2022-08-01,1002,Dairy,Rural,495,3.133782544,0,0
2022-08-02,1005,Snacks,Rural,1655,1.049096282,0,1
2022-08-03,1002,Dairy,Semi-Urban,360,13.12171891,0,2
2022-08-04,1002,Dairy,Semi-Urban,904,10.78832824,1,3
2022-08-05,1003,Household,Urban,1033,12.27723281,1,4
2022-08-06,1003,Household,Semi-Urban,1379,16.08113316,1,5
2022-08-07,1001,Beverages,Semi-Urban,1857,13.28551236,0,6
2022-08-08,1001,Beverages,Urban,1004,4.320695414,0,0
2022-08-09,1005,Snacks,Rural,1349,7.854677863,1,1
2022-08-10,1001,Beverages,Rural,1176,18.21193099,0,2
2022-08-11,1002,Dairy,Urban,1039,15.6289493,0,3
2022-08-12,1003,Household,Rural,1990,11.5761041,1,4
2022-08-13,1001,Beverages,Semi-Urban,1623,5.857254958,0,5
2022-08-14,1001,Beverages,Urban,1629,6.739149535,1,6
2022-08-15,1005,Snacks,Urban,953,14.90720328,0,0
2022-08-16,1005,Snacks,Urban,1487,17.17231096,1,1
2022-08-17,1002,Dairy,Rural,1403,13.75706872,0,2
2022-08-18,1003,Household,Urban,692,16.38106954,0,3
2022-08-19,1005,Snacks,Urban,813,15.56646657,1,4
2022-08-20,1001,Beverages,Urban,1281,3.844375391,0,5
2022-08-21,1003,Household,Rural,731,9.054951445,0,6
2022-08-22,1003,Household,Semi-Urban,158,3.906692216,1,0
2022-08-23,1001,Beverages,Urban,1850,5.469476111,0,1
2022-08-24,1005,Snacks,Semi-Urban,227,17.51593287,1,2
2022-08-25,1001,Beverages,Rural,835,9.984947347,0,3
2022-08-26,1003,Household,Rural,820,11.17180394,0,4
2022-08-27,1004,Personal Care,Rural,1238,4.390473339,0,5
2022-08-28,1004,Personal Care,Rural,1332,6.933163935,0,6
2022-08-29,1002,Dairy,Semi-Urban,625,5.3746772,1,0
2022-08-30,1001,Beverages,Urban,620,4.917537126,0,1
2022-08-31,1001,Beverages,Rural,651,13.12125507,1,2
2022-09-01,1002,Dairy,Rural,336,5.880793105,0,3
2022-09-02,1002,Dairy,Semi-Urban,1404,13.00829423,0,4
2022-09-03,1002,Dairy,Semi-Urban,1482,2.110637668,0,5
2022-09-04,1003,Household,Rural,1324,3.693713477,0,6
2022-09-05,1001,Beverages,Urban,1881,6.216264826,1,0
2022-09-06,1003,Household,Urban,1401,12.34389142,1,1
2022-09-07,1002,Dairy,Rural,1358,13.84098366,1,2
2022-09-08,1001,Beverages,Semi-Urban,593,9.411622369,1,3
2022-09-09,1003,Household,Rural,103,9.470027377,0,4
2022-09-10,1003,Household,Rural,765,14.76582018,1,5
2022-09-11,1002,Dairy,Semi-Urban,541,1.300600744,1,6
2022-09-12,1001,Beverages,Rural,128,7.480710465,0,0
2022-09-13,1002,Dairy,Rural,1232,16.55543409,0,1
2022-09-14,1001,Beverages,Rural,709,12.46116879,0,2
2022-09-15,1004,Personal Care,Semi-Urban,1850,7.407315522,0,3
2022-09-16,1005,Snacks,Urban,904,18.20497105,1,4
2022-09-17,1005,Snacks,Urban,174,15.67983182,1,5
2022-09-18,1005,Snacks,Semi-Urban,937,6.033013497,0,6
2022-09-19,1002,Dairy,Urban,1269,13.26050691,0,0
2022-09-20,1004,Personal Care,Rural,227,12.31926384,0,1
2022-09-21,1001,Beverages,Urban,1976,8.622570367,1,2
2022-09-22,1003,Household,Rural,141,7.972165505,1,3
2022-09-23,1001,Beverages,Urban,1479,7.527649021,0,4
2022-09-24,1003,Household,Semi-Urban,140,12.72595988,0,5
2022-09-25,1001,Beverages,Urban,1033,9.405788793,1,6
2022-09-26,1004,Personal Care,Urban,133,16.80539915,0,0
2022-09-27,1003,Household,Urban,1140,13.72244971,0,1
2022-09-28,1002,Dairy,Semi-Urban,1800,2.328700508,1,2
2022-09-29,1001,Beverages,Urban,1276,13.16319625,0,3
2022-09-30,1001,Beverages,Semi-Urban,1097,6.151801294,1,4
2022-10-01,1003,Household,Rural,1501,12.26342784,0,5
2022-10-02,1002,Dairy,Urban,687,13.92250669,0,6
2022-10-03,1002,Dairy,Semi-Urban,1722,5.385754594,1,0
2022-10-04,1004,Personal Care,Semi-Urban,1752,9.680314253,1,1
2022-10-05,1002,Dairy,Urban,1997,4.616172394,0,2
2022-10-06,1002,Dairy,Rural,441,1.99443864,1,3
2022-10-07,1002,Dairy,Semi-Urban,126,8.191052046,0,4
2022-10-08,1005,Snacks,Urban,1948,7.895941165,0,5
2022-10-09,1004,Personal Care,Rural,1410,19.91412932,1,6
2022-10-10,1001,Beverages,Semi-Urban,745,9.480694673,0,0
2022-10-11,1003,Household,Semi-Urban,830,7.33782144,0,1
2022-10-12,1001,Beverages,Rural,267,12.02902513,1,2
2022-10-13,1004,Personal Care,Rural,709,2.686580488,1,3
2022-10-14,1003,Household,Urban,367,19.27164898,0,4
2022-10-15,1004,Personal Care,Urban,1872,13.06424087,1,5
2022-10-16,1002,Dairy,Semi-Urban,920,15.34191858,1,6
2022-10-17,1003,Household,Rural,554,4.239080825,1,0
2022-10-18,1002,Dairy,Rural,1005,8.780079207,1,1
2022-10-19,1001,Beverages,Rural,1808,9.031093155,0,2
2022-10-20,1001,Beverages,Semi-Urban,1524,16.61432243,0,3
2022-10-21,1003,Household,Rural,1021,1.023496915,0,4
2022-10-22,1003,Household,Rural,1080,6.716209059,1,5
2022-10-23,1004,Personal Care,Semi-Urban,1599,19.64349111,1,6
2022-10-24,1004,Personal Care,Urban,801,10.02284433,1,0
2022-10-25,1002,Dairy,Urban,733,8.267999325,1,1
2022-10-26,1003,Household,Semi-Urban,1681,3.276751038,1,2
2022-10-27,1001,Beverages,Rural,1699,19.50912794,1,3
2022-10-28,1004,Personal Care,Semi-Urban,229,1.380500763,1,4
2022-10-29,1004,Personal Care,Urban,1119,15.00642428,0,5
2022-10-30,1001,Beverages,Urban,1945,15.60339629,0,6
2022-10-31,1004,Personal Care,Semi-Urban,1486,5.629477605,1,0
2022-11-01,1002,Dairy,Semi-Urban,1828,13.75961043,1,1
2022-11-02,1003,Household,Urban,918,2.765653743,1,2
2022-11-03,1001,Beverages,Semi-Urban,792,5.883898062,0,3
2022-11-04,1003,Household,Urban,1415,15.97013778,0,4
2022-11-05,1004,Personal Care,Semi-Urban,1494,17.42903765,1,5
2022-11-06,1004,Personal Care,Semi-Urban,893,12.56124184,1,6
2022-11-07,1001,Beverages,Semi-Urban,128,10.6299302,0,0
2022-11-08,1002,Dairy,Urban,248,4.026776392,0,1
2022-11-09,1005,Snacks,Semi-Urban,1902,2.199071629,0,2
2022-11-10,1001,Beverages,Urban,1419,3.235331541,0,3
2022-11-11,1005,Snacks,Urban,110,5.319788702,1,4
2022-11-12,1005,Snacks,Semi-Urban,1635,7.491815536,0,5
2022-11-13,1002,Dairy,Semi-Urban,775,8.237280985,0,6
2022-11-14,1005,Snacks,Urban,1236,7.580113603,1,0
2022-11-15,1005,Snacks,Urban,286,5.542051312,0,1
2022-11-16,1002,Dairy,Rural,906,10.68476069,0,2
2022-11-17,1005,Snacks,Urban,843,16.68043606,0,3
2022-11-18,1005,Snacks,Rural,1350,6.314367231,1,4
2022-11-19,1005,Snacks,Rural,1433,18.90535336,0,5
2022-11-20,1001,Beverages,Rural,197,17.59339657,1,6
2022-11-21,1001,Beverages,Semi-Urban,154,4.073520016,1,0
2022-11-22,1001,Beverages,Semi-Urban,722,15.93924318,0,1
2022-11-23,1002,Dairy,Urban,763,11.91716026,0,2
2022-11-24,1004,Personal Care,Rural,857,11.76493188,0,3
2022-11-25,1005,Snacks,Semi-Urban,505,8.429812498,0,4
2022-11-26,1005,Snacks,Semi-Urban,168,10.52190698,1,5
2022-11-27,1002,Dairy,Semi-Urban,1435,8.546396771,0,6
2022-11-28,1005,Snacks,Semi-Urban,1412,11.25491976,0,0
2022-11-29,1001,Beverages,Semi-Urban,1885,12.931051,0,1
2022-11-30,1004,Personal Care,Rural,1671,13.81177232,1,2
2022-12-01,1003,Household,Rural,850,11.11714266,0,3
2022-12-02,1005,Snacks,Rural,1271,14.70701928,0,4
2022-12-03,1001,Beverages,Rural,1590,3.684282936,1,5
2022-12-04,1003,Household,Urban,1862,5.027667327,1,6
2022-12-05,1004,Personal Care,Rural,1367,16.55596508,0,0
2022-12-06,1003,Household,Semi-Urban,1614,7.128031579,0,1
2022-12-07,1001,Beverages,Rural,1972,1.434982675,0,2
2022-12-08,1003,Household,Urban,1057,3.922031844,0,3
2022-12-09,1002,Dairy,Semi-Urban,1630,5.248674255,0,4
2022-12-10,1003,Household,Rural,464,19.18913487,1,5
2022-12-11,1005,Snacks,Rural,581,11.88778715,1,6
2022-12-12,1005,Snacks,Rural,300,18.72188407,0,0
2022-12-13,1002,Dairy,Semi-Urban,253,11.92810366,0,1
2022-12-14,1001,Beverages,Semi-Urban,1573,10.10773436,1,2
2022-12-15,1005,Snacks,Urban,1624,6.960826133,0,3
2022-12-16,1004,Personal Care,Semi-Urban,172,12.52104794,0,4
2022-12-17,1005,Snacks,Semi-Urban,812,3.644762468,0,5
2022-12-18,1005,Snacks,Rural,395,18.06697092,0,6
2022-12-19,1001,Beverages,Semi-Urban,1140,16.7573157,0,0
2022-12-20,1003,Household,Rural,1764,7.03309751,1,1
2022-12-21,1005,Snacks,Rural,1340,19.10315302,0,2
2022-12-22,1002,Dairy,Semi-Urban,160,16.67881458,0,3
2022-12-23,1003,Household,Urban,1038,13.65983083,0,4
2022-12-24,1004,Personal Care,Urban,1739,3.313476311,1,5
2022-12-25,1001,Beverages,Semi-Urban,141,10.08644644,1,6
2022-12-26,1004,Personal Care,Urban,124,10.61604354,1,0
2022-12-27,1003,Household,Rural,1162,5.418475809,1,1
2022-12-28,1003,Household,Rural,1926,2.519342493,0,2
2022-12-29,1003,Household,Semi-Urban,230,15.75774898,1,3
2022-12-30,1004,Personal Care,Urban,1621,3.31866599,0,4
2022-12-31,1003,Household,Urban,1352,12.29152426,0,5
2023-01-01,1004,Personal Care,Rural,207,18.7925343,1,6
2023-01-02,1003,Household,Semi-Urban,271,17.64599866,1,0
2023-01-03,1002,Dairy,Urban,1558,6.277299851,1,1
2023-01-04,1003,Household,Semi-Urban,1601,17.17752411,1,2
2023-01-05,1004,Personal Care,Urban,201,1.006317616,1,3
2023-01-06,1005,Snacks,Rural,965,1.336068383,0,4
2023-01-07,1003,Household,Rural,623,12.44851011,1,5
2023-01-08,1005,Snacks,Semi-Urban,374,7.931166164,1,6
2023-01-09,1002,Dairy,Rural,1736,8.342755982,1,0
2023-01-10,1001,Beverages,Urban,1167,11.72438072,0,1
2023-01-11,1002,Dairy,Rural,916,4.643866656,1,2
2023-01-12,1003,Household,Semi-Urban,1056,5.023351663,0,3
2023-01-13,1005,Snacks,Semi-Urban,1140,10.20743015,1,4
2023-01-14,1005,Snacks,Semi-Urban,429,15.33081734,1,5
2023-01-15,1004,Personal Care,Urban,1692,12.77045728,0,6
2023-01-16,1005,Snacks,Urban,1946,6.649745916,1,0
2023-01-17,1004,Personal Care,Urban,1620,9.176406373,0,1
2023-01-18,1001,Beverages,Urban,1938,4.242630412,0,2
2023-01-19,1003,Household,Urban,111,2.417966472,0,3
2023-01-20,1004,Personal Care,Rural,1441,15.87122477,1,4
2023-01-21,1001,Beverages,Urban,1715,6.042360775,1,5
2023-01-22,1005,Snacks,Urban,315,4.377561369,1,6
2023-01-23,1005,Snacks,Rural,438,14.14074306,0,0
2023-01-24,1001,Beverages,Urban,1899,12.74298181,1,1
2023-01-25,1005,Snacks,Semi-Urban,760,13.03060289,0,2
2023-01-26,1001,Beverages,Urban,1204,5.348997492,1,3
2023-01-27,1004,Personal Care,Urban,1850,5.420265233,0,4
2023-01-28,1004,Personal Care,Semi-Urban,1608,5.195249966,0,5
2023-01-29,1001,Beverages,Semi-Urban,473,4.301299318,0,6
2023-01-30,1004,Personal Care,Semi-Urban,1075,13.45874978,1,0
2023-01-31,1004,Personal Care,Semi-Urban,809,17.11230182,0,1
2023-02-01,1004,Personal Care,Urban,1323,14.76203192,0,2
2023-02-02,1002,Dairy,Semi-Urban,1660,16.04977904,0,3
2023-02-03,1003,Household,Semi-Urban,565,8.691170153,0,4
2023-02-04,1005,Snacks,Rural,1212,13.42744011,0,5
2023-02-05,1002,Dairy,Semi-Urban,1391,7.730488568,0,6
2023-02-06,1004,Personal Care,Semi-Urban,1778,10.98458782,1,0
2023-02-07,1001,Beverages,Rural,1694,10.15106208,1,1
2023-02-08,1004,Personal Care,Rural,588,4.360855758,0,2
2023-02-09,1003,Household,Urban,1661,8.354496446,1,3
2023-02-10,1004,Personal Care,Rural,146,19.31262323,1,4
2023-02-11,1001,Beverages,Urban,1411,5.723024897,0,5
2023-02-12,1003,Household,Rural,877,3.542270989,0,6
2023-02-13,1004,Personal Care,Rural,1139,8.953031811,0,0
2023-02-14,1003,Household,Urban,810,16.01641698,1,1
2023-02-15,1005,Snacks,Rural,500,12.06081637,0,2
2023-02-16,1005,Snacks,Urban,1917,13.93852172,1,3
2023-02-17,1004,Personal Care,Rural,1080,4.604202115,0,4
2023-02-18,1003,Household,Semi-Urban,1209,12.76001567,1,5
2023-02-19,1001,Beverages,Rural,349,7.146507503,0,6
2023-02-20,1004,Personal Care,Urban,490,16.85176395,0,0
2023-02-21,1005,Snacks,Rural,1905,12.95667731,1,1
2023-02-22,1005,Snacks,Urban,434,4.778269278,1,2
2023-02-23,1004,Personal Care,Urban,728,2.227716917,1,3
2023-02-24,1003,Household,Semi-Urban,1642,1.810030976,1,4
2023-02-25,1005,Snacks,Semi-Urban,236,8.056762785,1,5
2023-02-26,1003,Household,Urban,982,6.051171596,1,6
2023-02-27,1005,Snacks,Rural,787,13.27571235,0,0
2023-02-28,1005,Snacks,Urban,1963,10.48734286,1,1
2023-03-01,1002,Dairy,Urban,1621,6.054366282,0,2
2023-03-02,1005,Snacks,Rural,926,3.835517781,0,3
2023-03-03,1001,Beverages,Rural,826,3.416795491,1,4
2023-03-04,1004,Personal Care,Rural,1600,17.42854745,0,5
2023-03-05,1004,Personal Care,Rural,693,5.6260814,1,6
2023-03-06,1003,Household,Urban,1346,13.38250231,1,0
2023-03-07,1005,Snacks,Urban,1089,16.40303263,0,1
2023-03-08,1001,Beverages,Semi-Urban,471,12.66754491,0,2
2023-03-09,1003,Household,Urban,1034,17.3317394,1,3
2023-03-10,1002,Dairy,Rural,1094,8.455480709,1,4
2023-03-11,1003,Household,Semi-Urban,501,19.16822162,0,5
2023-03-12,1003,Household,Rural,1566,3.529755079,0,6
2023-03-13,1005,Snacks,Urban,1613,2.940841063,0,0
2023-03-14,1002,Dairy,Semi-Urban,714,13.51515078,0,1
2023-03-15,1003,Household,Rural,1396,18.91379169,1,2
2023-03-16,1001,Beverages,Semi-Urban,1649,16.36878577,1,3
2023-03-17,1001,Beverages,Semi-Urban,1282,2.451920329,1,4
2023-03-18,1004,Personal Care,Urban,1275,6.307986565,1,5
2023-03-19,1002,Dairy,Rural,1094,18.67605881,0,6
2023-03-20,1002,Dairy,Semi-Urban,719,5.808110223,0,0
2023-03-21,1004,Personal Care,Semi-Urban,287,15.84223805,1,1
2023-03-22,1003,Household,Rural,1936,16.67751172,1,2
2023-03-23,1002,Dairy,Semi-Urban,1221,10.41358997,1,3
2023-03-24,1001,Beverages,Semi-Urban,230,8.340629287,1,4
2023-03-25,1001,Beverages,Semi-Urban,904,9.552364216,1,5
2023-03-26,1005,Snacks,Rural,1294,5.312329193,1,6
2023-03-27,1002,Dairy,Rural,1035,17.89842741,1,0
2023-03-28,1003,Household,Rural,1085,9.561773478,1,1
2023-03-29,1004,Personal Care,Rural,282,17.76672937,1,2
2023-03-30,1004,Personal Care,Urban,1082,3.008176118,0,3
2023-03-31,1003,Household,Semi-Urban,463,19.77723015,1,4
2023-04-01,1005,Snacks,Rural,138,9.422188661,0,5
2023-04-02,1004,Personal Care,Semi-Urban,1650,1.908785587,0,6
2023-04-03,1002,Dairy,Semi-Urban,596,1.722415117,1,0
2023-04-04,1005,Snacks,Urban,1639,15.17793789,1,1
2023-04-05,1002,Dairy,Rural,1472,13.52167515,0,2
2023-04-06,1001,Beverages,Rural,1081,16.2404806,0,3
2023-04-07,1005,Snacks,Semi-Urban,1020,3.001983145,1,4
2023-04-08,1004,Personal Care,Rural,1520,1.675846474,0,5
2023-04-09,1005,Snacks,Semi-Urban,821,10.6630065,1,6
2023-04-10,1005,Snacks,Semi-Urban,1284,8.364309398,1,0
2023-04-11,1005,Snacks,Urban,115,9.776991797,1,1
2023-04-12,1005,Snacks,Urban,592,19.84017977,0,2
2023-04-13,1002,Dairy,Urban,1549,19.4442492,0,3
2023-04-14,1001,Beverages,Semi-Urban,1231,18.9039924,1,4
2023-04-15,1003,Household,Rural,993,15.89301086,0,5
2023-04-16,1005,Snacks,Urban,1573,7.741985845,0,6
2023-04-17,1004,Personal Care,Rural,410,8.830487675,0,0
2023-04-18,1005,Snacks,Urban,838,11.44270483,0,1
2023-04-19,1004,Personal Care,Urban,1293,16.78015467,0,2
2023-04-20,1002,Dairy,Semi-Urban,645,2.305543818,0,3
2023-04-21,1004,Personal Care,Urban,513,9.061640832,0,4
2023-04-22,1003,Household,Urban,350,2.569735606,1,5
2023-04-23,1001,Beverages,Semi-Urban,858,10.77849414,0,6
2023-04-24,1004,Personal Care,Rural,1904,18.07911566,0,0
2023-04-25,1004,Personal Care,Urban,1264,15.86721357,0,1
2023-04-26,1001,Beverages,Semi-Urban,1397,5.329005933,0,2
2023-04-27,1003,Household,Urban,1539,19.54382614,0,3
2023-04-28,1005,Snacks,Semi-Urban,1731,13.67965756,0,4
2023-04-29,1004,Personal Care,Rural,1862,1.198126289,0,5
2023-04-30,1001,Beverages,Rural,1162,5.852856209,0,6
2023-05-01,1002,Dairy,Semi-Urban,913,5.953552698,1,0
2023-05-02,1001,Beverages,Semi-Urban,128,2.315831819,0,1
2023-05-03,1002,Dairy,Semi-Urban,1057,19.23670384,0,2
2023-05-04,1003,Household,Rural,576,10.0868506,0,3
2023-05-05,1005,Snacks,Urban,417,18.02047735,0,4
2023-05-06,1001,Beverages,Rural,344,7.122094565,1,5
2023-05-07,1004,Personal Care,Semi-Urban,847,3.379437838,1,6
2023-05-08,1003,Household,Semi-Urban,796,10.01238609,1,0
2023-05-09,1001,Beverages,Rural,371,3.16517606,1,1
2023-05-10,1004,Personal Care,Semi-Urban,1563,10.23429456,1,2
2023-05-11,1001,Beverages,Rural,1871,18.48564644,1,3
2023-05-12,1002,Dairy,Semi-Urban,1362,10.89459469,1,4
2023-05-13,1001,Beverages,Urban,476,12.71349481,1,5
2023-05-14,1001,Beverages,Urban,365,3.976130303,1,6
2023-05-15,1001,Beverages,Semi-Urban,1025,1.830976892,1,0
2023-05-16,1003,Household,Rural,1020,3.105351281,1,1
2023-05-17,1001,Beverages,Urban,1482,12.37209994,1,2
2023-05-18,1004,Personal Care,Rural,439,2.805222281,1,3
2023-05-19,1002,Dairy,Semi-Urban,488,8.143864909,1,4
2023-05-20,1002,Dairy,Rural,676,11.45174687,1,5
2023-05-21,1001,Beverages,Urban,1812,8.384403174,1,6
2023-05-22,1003,Household,Rural,102,4.109992228,0,0
2023-05-23,1003,Household,Rural,1552,6.202034843,1,1
2023-05-24,1004,Personal Care,Semi-Urban,1265,18.63803312,0,2
2023-05-25,1001,Beverages,Semi-Urban,475,13.84366324,1,3
2023-05-26,1002,Dairy,Semi-Urban,1793,10.42490893,1,4
2023-05-27,1003,Household,Urban,423,1.24158291,0,5
2023-05-28,1001,Beverages,Urban,245,19.85589261,1,6
2023-05-29,1003,Household,Semi-Urban,392,13.75764376,0,0
2023-05-30,1003,Household,Semi-Urban,1788,7.02152707,0,1
2023-05-31,1002,Dairy,Urban,531,17.70610454,0,2
2023-06-01,1005,Snacks,Urban,804,5.910200786,1,3
2023-06-02,1004,Personal Care,Urban,1048,11.336315,1,4
2023-06-03,1004,Personal Care,Urban,684,13.08534451,1,5
2023-06-04,1002,Dairy,Semi-Urban,498,5.200204058,0,6
2023-06-05,1003,Household,Urban,916,19.5895483,0,0
2023-06-06,1001,Beverages,Semi-Urban,1467,15.21564621,1,1
2023-06-07,1003,Household,Rural,1063,11.59845128,1,2
2023-06-08,1002,Dairy,Rural,1263,4.431297365,1,3
2023-06-09,1004,Personal Care,Urban,286,2.023305933,1,4
2023-06-10,1003,Household,Rural,1928,7.081136818,1,5
2023-06-11,1004,Personal Care,Rural,160,15.31055938,0,6
2023-06-12,1001,Beverages,Rural,1038,6.117294668,0,0
2023-06-13,1004,Personal Care,Urban,1503,11.25156819,0,1
2023-06-14,1004,Personal Care,Urban,809,14.83099636,1,2
2023-06-15,1005,Snacks,Rural,906,3.050930578,0,3
2023-06-16,1005,Snacks,Semi-Urban,1563,14.02066231,0,4
2023-06-17,1005,Snacks,Rural,1442,2.745546866,0,5
2023-06-18,1004,Personal Care,Urban,1425,19.3374651,0,6
2023-06-19,1002,Dairy,Urban,1467,10.27948847,0,0
2023-06-20,1004,Personal Care,Urban,110,3.862846046,1,1
2023-06-21,1002,Dairy,Rural,1185,7.505289085,0,2
2023-06-22,1002,Dairy,Semi-Urban,1968,8.854912537,1,3
2023-06-23,1005,Snacks,Urban,325,15.40551521,1,4
2023-06-24,1003,Household,Urban,1276,15.12505194,1,5
2023-06-25,1001,Beverages,Rural,1834,12.6268696,1,6
2023-06-26,1005,Snacks,Semi-Urban,663,3.012683539,1,0
2023-06-27,1005,Snacks,Rural,871,3.87981806,0,1
2023-06-28,1003,Household,Urban,1694,2.781381492,0,2
2023-06-29,1001,Beverages,Semi-Urban,1707,11.96628288,1,3
2023-06-30,1004,Personal Care,Semi-Urban,1783,17.66563039,1,4
2023-07-01,1004,Personal Care,Urban,1984,9.242209733,1,5
2023-07-02,1005,Snacks,Semi-Urban,1698,4.056115305,0,6
2023-07-03,1001,Beverages,Semi-Urban,1433,11.60280418,1,0
2023-07-04,1005,Snacks,Rural,984,16.42329212,0,1
2023-07-05,1002,Dairy,Urban,1366,15.09252917,1,2
2023-07-06,1005,Snacks,Urban,1616,17.74756481,0,3
2023-07-07,1005,Snacks,Urban,1489,6.280139848,1,4
2023-07-08,1004,Personal Care,Urban,1453,4.685123478,0,5
2023-07-09,1004,Personal Care,Urban,1230,17.71651323,1,6
2023-07-10,1004,Personal Care,Semi-Urban,325,13.49364594,0,0
2023-07-11,1002,Dairy,Rural,924,6.90764967,0,1
2023-07-12,1004,Personal Care,Urban,317,15.10461296,0,2
2023-07-13,1001,Beverages,Rural,1036,16.48724931,0,3
2023-07-14,1003,Household,Rural,852,12.68458657,0,4
2023-07-15,1001,Beverages,Semi-Urban,605,14.06979809,0,5
2023-07-16,1001,Beverages,Urban,358,8.129938184,0,6
2023-07-17,1004,Personal Care,Semi-Urban,1897,11.23521768,1,0
2023-07-18,1003,Household,Urban,1640,10.95902424,1,1
2023-07-19,1003,Household,Semi-Urban,1896,17.11290803,1,2
2023-07-20,1003,Household,Rural,153,16.95931563,1,3
2023-07-21,1002,Dairy,Urban,1170,16.82092892,1,4
2023-07-22,1004,Personal Care,Rural,826,1.209600671,0,5
2023-07-23,1003,Household,Rural,788,15.2413642,0,6
2023-07-24,1002,Dairy,Semi-Urban,1644,15.41485141,0,0
2023-07-25,1005,Snacks,Urban,1222,13.88919763,0,1
2023-07-26,1005,Snacks,Rural,1143,15.3690285,0,2
2023-07-27,1002,Dairy,Semi-Urban,1876,16.99743706,1,3
2023-07-28,1002,Dairy,Urban,1696,9.936062028,1,4
2023-07-29,1004,Personal Care,Urban,1613,10.53895406,1,5
2023-07-30,1004,Personal Care,Rural,518,3.369567081,1,6
2023-07-31,1005,Snacks,Urban,789,8.322141778,0,0
2023-08-01,1003,Household,Rural,949,13.22393842,0,1
2023-08-02,1005,Snacks,Urban,161,15.82759575,0,2
2023-08-03,1003,Household,Semi-Urban,1268,5.126972856,1,3
2023-08-04,1003,Household,Rural,315,3.618635084,0,4
2023-08-05,1004,Personal Care,Rural,102,13.59779809,1,5
2023-08-06,1001,Beverages,Urban,259,1.035717787,0,6
2023-08-07,1001,Beverages,Urban,1862,4.389079102,0,0
2023-08-08,1002,Dairy,Rural,880,1.552356227,1,1
2023-08-09,1004,Personal Care,Urban,1243,4.170817239,0,2
2023-08-10,1003,Household,Semi-Urban,992,4.445066319,0,3
2023-08-11,1001,Beverages,Urban,1212,8.3657983,1,4
2023-08-12,1003,Household,Semi-Urban,428,8.644215369,0,5
2023-08-13,1001,Beverages,Semi-Urban,679,17.61098694,1,6
2023-08-14,1001,Beverages,Semi-Urban,1480,10.69208454,0,0
2023-08-15,1001,Beverages,Semi-Urban,1733,14.74469055,0,1
2023-08-16,1004,Personal Care,Semi-Urban,1390,2.9786098,0,2
2023-08-17,1005,Snacks,Urban,1740,5.283336354,0,3
2023-08-18,1003,Household,Semi-Urban,1051,14.35592538,0,4
2023-08-19,1004,Personal Care,Urban,1446,2.003275249,0,5
2023-08-20,1004,Personal Care,Semi-Urban,734,10.24535558,0,6
2023-08-21,1004,Personal Care,Rural,1087,12.38801035,0,0
2023-08-22,1004,Personal Care,Semi-Urban,1664,12.44076724,1,1
2023-08-23,1004,Personal Care,Rural,1772,1.435723414,1,2
2023-08-24,1002,Dairy,Semi-Urban,1318,7.12005208,0,3
2023-08-25,1003,Household,Semi-Urban,1020,13.09332237,0,4
2023-08-26,1004,Personal Care,Semi-Urban,837,3.830994987,1,5
2023-08-27,1003,Household,Rural,1455,14.21289732,0,6
2023-08-28,1002,Dairy,Rural,269,15.17257897,0,0
2023-08-29,1002,Dairy,Semi-Urban,620,19.65741462,1,1
2023-08-30,1003,Household,Urban,1586,4.986997902,0,2
2023-08-31,1001,Beverages,Semi-Urban,139,16.67748269,0,3
2023-09-01,1005,Snacks,Rural,1660,10.88563496,1,4
2023-09-02,1001,Beverages,Semi-Urban,1384,8.095789327,0,5
2023-09-03,1001,Beverages,Rural,1518,3.325158389,0,6
2023-09-04,1001,Beverages,Rural,1054,14.97460652,1,0
2023-09-05,1004,Personal Care,Rural,1349,5.481294384,0,1
2023-09-06,1002,Dairy,Semi-Urban,1083,8.057018036,1,2
2023-09-07,1001,Beverages,Rural,1247,2.188302311,0,3
2023-09-08,1002,Dairy,Rural,1074,16.2259714,0,4
2023-09-09,1003,Household,Semi-Urban,137,15.56518196,1,5
2023-09-10,1005,Snacks,Rural,427,14.93870077,1,6
2023-09-11,1003,Household,Semi-Urban,1374,6.689426699,0,0
2023-09-12,1003,Household,Rural,1299,4.296121411,1,1
2023-09-13,1004,Personal Care,Urban,1725,13.11351202,1,2
2023-09-14,1005,Snacks,Urban,1013,10.4271613,0,3
2023-09-15,1003,Household,Rural,553,4.386796871,0,4
2023-09-16,1003,Household,Urban,136,14.03231415,0,5
2023-09-17,1005,Snacks,Semi-Urban,1439,19.8314022,1,6
2023-09-18,1005,Snacks,Urban,1811,15.19717217,1,0
2023-09-19,1003,Household,Rural,1072,15.05974135,1,1
2023-09-20,1005,Snacks,Rural,895,19.05594231,1,2
2023-09-21,1003,Household,Semi-Urban,1072,4.855790984,0,3
2023-09-22,1003,Household,Rural,692,11.74544933,1,4
2023-09-23,1004,Personal Care,Semi-Urban,1237,19.61328759,0,5
2023-09-24,1001,Beverages,Urban,1163,4.140588108,1,6
2023-09-25,1003,Household,Urban,1424,14.30478723,0,0
2023-09-26,1002,Dairy,Semi-Urban,323,12.13039277,0,1
2023-09-27,1001,Beverages,Semi-Urban,417,12.14310275,0,2
2023-09-28,1001,Beverages,Rural,448,14.25574192,1,3
2023-09-29,1001,Beverages,Urban,214,18.66272153,0,4
2023-09-30,1004,Personal Care,Semi-Urban,797,15.86905686,0,5
2023-10-01,1003,Household,Urban,1446,2.066585965,1,6
2023-10-02,1004,Personal Care,Semi-Urban,1691,17.20183238,0,0
2023-10-03,1003,Household,Urban,1163,5.285285269,1,1
2023-10-04,1004,Personal Care,Rural,1989,8.16136913,1,2
2023-10-05,1004,Personal Care,Urban,139,9.772923459,0,3
2023-10-06,1002,Dairy,Urban,1982,10.13721401,0,4
2023-10-07,1004,Personal Care,Urban,1872,9.268427586,1,5
2023-10-08,1005,Snacks,Urban,1412,18.80971259,0,6
2023-10-09,1002,Dairy,Urban,1385,14.41436115,1,0
2023-10-10,1004,Personal Care,Rural,315,12.99224227,1,1
2023-10-11,1001,Beverages,Semi-Urban,1270,1.946998528,1,2
2023-10-12,1005,Snacks,Urban,435,18.17435327,0,3
2023-10-13,1005,Snacks,Rural,1291,18.27841365,1,4
2023-10-14,1005,Snacks,Urban,191,15.82404821,0,5
2023-10-15,1002,Dairy,Urban,452,1.133554872,0,6
2023-10-16,1004,Personal Care,Semi-Urban,670,2.08832477,0,0
2023-10-17,1004,Personal Care,Urban,1694,5.279250343,0,1
2023-10-18,1001,Beverages,Rural,915,3.495638755,1,2
2023-10-19,1001,Beverages,Rural,1804,8.577884564,0,3
2023-10-20,1005,Snacks,Semi-Urban,880,18.5298381,1,4
2023-10-21,1001,Beverages,Urban,462,9.96914825,1,5
2023-10-22,1002,Dairy,Rural,656,1.254649902,0,6
2023-10-23,1004,Personal Care,Urban,1468,6.372168102,1,0
2023-10-24,1005,Snacks,Urban,1816,1.847303259,1,1
2023-10-25,1001,Beverages,Urban,1293,1.68946483,0,2
2023-10-26,1002,Dairy,Semi-Urban,455,6.238677209,1,3
2023-10-27,1002,Dairy,Urban,290,6.236634435,1,4
2023-10-28,1001,Beverages,Rural,1790,15.95540545,1,5
2023-10-29,1004,Personal Care,Urban,521,19.5218584,1,6
2023-10-30,1001,Beverages,Rural,799,8.052934784,0,0
2023-10-31,1005,Snacks,Urban,106,9.148850698,1,1
2023-11-01,1001,Beverages,Rural,232,17.05099929,1,2
2023-11-02,1002,Dairy,Rural,1870,6.094641382,1,3
2023-11-03,1001,Beverages,Urban,656,3.971254284,1,4
2023-11-04,1004,Personal Care,Urban,925,17.20870284,0,5
2023-11-05,1003,Household,Rural,860,1.883511142,1,6
2023-11-06,1001,Beverages,Semi-Urban,1154,12.77428936,0,0
2023-11-07,1004,Personal Care,Urban,634,11.6778641,1,1
2023-11-08,1004,Personal Care,Semi-Urban,525,7.572488503,0,2
2023-11-09,1002,Dairy,Urban,1517,6.988600901,0,3
2023-11-10,1004,Personal Care,Urban,771,15.6652968,0,4
2023-11-11,1004,Personal Care,Urban,462,2.642067604,0,5
2023-11-12,1004,Personal Care,Urban,1560,5.498901877,0,6
2023-11-13,1004,Personal Care,Semi-Urban,1793,14.9165259,1,0
2023-11-14,1005,Snacks,Urban,1674,11.41809109,1,1
2023-11-15,1005,Snacks,Rural,181,3.431775962,1,2
2023-11-16,1002,Dairy,Rural,455,17.76057667,0,3
2023-11-17,1001,Beverages,Semi-Urban,1381,8.475509085,1,4
2023-11-18,1004,Personal Care,Urban,1841,16.72949913,0,5
2023-11-19,1001,Beverages,Rural,688,15.9665473,0,6
2023-11-20,1001,Beverages,Semi-Urban,1647,12.86408348,1,0
2023-11-21,1002,Dairy,Urban,394,10.39514149,1,1
2023-11-22,1004,Personal Care,Rural,1347,19.61146597,0,2
2023-11-23,1004,Personal Care,Rural,1648,3.754336375,0,3
2023-11-24,1003,Household,Semi-Urban,1169,14.77795882,1,4
2023-11-25,1001,Beverages,Urban,1790,4.632623328,1,5
2023-11-26,1001,Beverages,Urban,1236,7.426999001,1,6
2023-11-27,1005,Snacks,Rural,1356,6.865276124,1,0
2023-11-28,1003,Household,Rural,116,18.99368377,0,1
2023-11-29,1005,Snacks,Rural,459,19.37976738,1,2
2023-11-30,1005,Snacks,Urban,1346,4.47729344,1,3
2023-12-01,1005,Snacks,Semi-Urban,965,1.418668046,1,4
2023-12-02,1002,Dairy,Semi-Urban,799,14.68015275,0,5
2023-12-03,1002,Dairy,Urban,547,8.941808744,0,6
2023-12-04,1005,Snacks,Semi-Urban,955,2.687964657,0,0
2023-12-05,1003,Household,Rural,464,13.99132801,0,1
2023-12-06,1001,Beverages,Semi-Urban,774,11.35700504,1,2
2023-12-07,1003,Household,Semi-Urban,1107,19.62981962,0,3
2023-12-08,1004,Personal Care,Semi-Urban,1449,5.320780421,1,4
2023-12-09,1002,Dairy,Rural,566,8.67557965,1,5
2023-12-10,1001,Beverages,Urban,513,11.30837026,1,6
2023-12-11,1001,Beverages,Rural,1578,16.04229978,1,0
2023-12-12,1004,Personal Care,Urban,685,11.42793448,0,1
2023-12-13,1004,Personal Care,Urban,1356,12.64510306,0,2
2023-12-14,1005,Snacks,Urban,1347,5.29679398,0,3
2023-12-15,1002,Dairy,Semi-Urban,1093,17.09145583,1,4
2023-12-16,1002,Dairy,Semi-Urban,1954,9.143980392,1,5
2023-12-17,1003,Household,Urban,1535,3.678232923,1,6
2023-12-18,1005,Snacks,Urban,671,13.61957038,1,0
2023-12-19,1005,Snacks,Semi-Urban,434,5.105718611,1,1
2023-12-20,1005,Snacks,Rural,1345,2.853687695,0,2
2023-12-21,1005,Snacks,Urban,136,17.37775126,1,3
2023-12-22,1002,Dairy,Rural,1088,9.743083025,0,4
2023-12-23,1002,Dairy,Semi-Urban,377,15.23639054,1,5
2023-12-24,1005,Snacks,Urban,1319,6.521163636,1,6
2023-12-25,1003,Household,Rural,1015,15.95243256,0,0
2023-12-26,1001,Beverages,Rural,1987,3.126782613,0,1
2023-12-27,1001,Beverages,Rural,583,7.763494102,1,2
2023-12-28,1003,Household,Semi-Urban,1365,19.58317454,1,3
2023-12-29,1005,Snacks,Semi-Urban,1447,16.08580461,1,4
2023-12-30,1002,Dairy,Rural,830,10.44786268,1,5
2023-12-31,1001,Beverages,Rural,291,7.45577196,0,6
2024-01-01,1004,Personal Care,Semi-Urban,1140,17.5705783,1,0
2024-01-02,1004,Personal Care,Rural,623,11.35210742,0,1
2024-01-03,1003,Household,Rural,1017,15.41007534,1,2
2024-01-04,1005,Snacks,Semi-Urban,500,15.32804593,0,3
2024-01-05,1001,Beverages,Rural,985,1.340967893,0,4
2024-01-06,1005,Snacks,Rural,804,3.398821873,1,5
2024-01-07,1001,Beverages,Rural,121,13.53295796,0,6
2024-01-08,1003,Household,Semi-Urban,573,4.070776414,1,0
2024-01-09,1003,Household,Rural,1243,5.854373548,0,1
2024-01-10,1004,Personal Care,Semi-Urban,309,18.98612113,1,2
2024-01-11,1005,Snacks,Semi-Urban,405,11.64346291,0,3
2024-01-12,1004,Personal Care,Urban,1393,15.26386063,1,4
2024-01-13,1005,Snacks,Urban,803,11.60163404,1,5
2024-01-14,1004,Personal Care,Rural,786,11.49775868,0,6
2024-01-15,1002,Dairy,Semi-Urban,384,2.788886292,0,0
2024-01-16,1002,Dairy,Urban,815,7.52960066,0,1
2024-01-17,1002,Dairy,Rural,1799,6.366187075,0,2
2024-01-18,1002,Dairy,Urban,862,8.423838947,1,3
2024-01-19,1001,Beverages,Urban,1350,16.16853958,0,4
2024-01-20,1002,Dairy,Semi-Urban,1047,8.06672069,1,5
2024-01-21,1003,Household,Semi-Urban,480,9.582239565,0,6
2024-01-22,1003,Household,Urban,559,8.550246419,1,0
2024-01-23,1001,Beverages,Urban,1130,2.774751468,1,1
2024-01-24,1002,Dairy,Semi-Urban,128,9.380371007,1,2
2024-01-25,1002,Dairy,Rural,1006,4.716576188,1,3
2024-01-26,1002,Dairy,Semi-Urban,1156,4.54774262,0,4
2024-01-27,1004,Personal Care,Urban,1769,2.786685984,0,5
2024-01-28,1005,Snacks,Rural,978,7.776748509,1,6
2024-01-29,1004,Personal Care,Urban,178,15.39215581,0,0
2024-01-30,1005,Snacks,Rural,1046,6.252392121,0,1
2024-01-31,1002,Dairy,Urban,558,6.934632936,1,2
2024-02-01,1002,Dairy,Rural,669,13.2108185,0,3
2024-02-02,1004,Personal Care,Rural,1661,4.720975439,0,4
2024-02-03,1004,Personal Care,Urban,1605,18.04220068,0,5
2024-02-04,1005,Snacks,Rural,1553,10.88361994,1,6
2024-02-05,1003,Household,Semi-Urban,837,9.504455866,0,0
2024-02-06,1005,Snacks,Urban,1408,11.59858365,1,1
2024-02-07,1004,Personal Care,Semi-Urban,615,4.154651955,0,2
2024-02-08,1004,Personal Care,Urban,1222,12.65598963,0,3
2024-02-09,1001,Beverages,Rural,496,7.898913996,0,4
2024-02-10,1004,Personal Care,Rural,1612,18.04654048,1,5
2024-02-11,1001,Beverages,Rural,138,4.208229927,1,6
2024-02-12,1003,Household,Urban,1394,10.63397097,0,0
2024-02-13,1005,Snacks,Semi-Urban,986,12.36413996,1,1
2024-02-14,1005,Snacks,Semi-Urban,896,1.634288434,0,2
2024-02-15,1001,Beverages,Urban,256,7.91016937,1,3
2024-02-16,1005,Snacks,Urban,1198,14.92006946,1,4
2024-02-17,1004,Personal Care,Semi-Urban,983,16.58717264,0,5
2024-02-18,1002,Dairy,Semi-Urban,1923,6.950077902,0,6
2024-02-19,1001,Beverages,Semi-Urban,1253,16.17327218,0,0
2024-02-20,1005,Snacks,Semi-Urban,1810,19.38736166,0,1
2024-02-21,1001,Beverages,Urban,1073,17.28060479,1,2
2024-02-22,1001,Beverages,Urban,1207,3.235235775,1,3
2024-02-23,1002,Dairy,Rural,1145,15.05487631,1,4
2024-02-24,1004,Personal Care,Semi-Urban,1582,7.073669816,0,5
2024-02-25,1001,Beverages,Rural,1662,19.7799038,0,6
2024-02-26,1005,Snacks,Urban,1830,10.22182068,1,0
2024-02-27,1003,Household,Urban,948,3.326244069,0,1
2024-02-28,1001,Beverages,Rural,1505,14.77852541,1,2
2024-02-29,1001,Beverages,Semi-Urban,847,7.137212769,1,3
2024-03-01,1002,Dairy,Semi-Urban,1563,19.94448498,1,4
2024-03-02,1004,Personal Care,Semi-Urban,1727,19.6158667,1,5
2024-03-03,1003,Household,Semi-Urban,1088,13.46654634,1,6
2024-03-04,1005,Snacks,Rural,120,3.46670253,0,0
2024-03-05,1003,Household,Rural,402,14.05035896,0,1
2024-03-06,1005,Snacks,Urban,968,2.767579243,0,2
2024-03-07,1004,Personal Care,Semi-Urban,183,1.557919023,1,3
2024-03-08,1005,Snacks,Semi-Urban,1897,16.63621048,1,4
2024-03-09,1002,Dairy,Semi-Urban,1782,4.985306006,1,5
2024-03-10,1002,Dairy,Rural,1576,8.201515398,1,6
2024-03-11,1002,Dairy,Semi-Urban,1510,19.49569041,0,0
2024-03-12,1002,Dairy,Rural,1630,7.399969535,0,1
2024-03-13,1003,Household,Semi-Urban,1380,6.633305844,1,2
2024-03-14,1004,Personal Care,Semi-Urban,669,18.44595199,1,3
2024-03-15,1005,Snacks,Urban,1033,3.104220461,1,4
2024-03-16,1005,Snacks,Semi-Urban,1650,15.43206579,0,5
2024-03-17,1002,Dairy,Semi-Urban,1285,19.77324577,0,6
2024-03-18,1002,Dairy,Urban,1286,18.1246242,0,0
2024-03-19,1001,Beverages,Rural,1955,13.38169046,1,1
2024-03-20,1004,Personal Care,Rural,1108,6.967155105,1,2
2024-03-21,1003,Household,Semi-Urban,892,5.832117642,0,3
2024-03-22,1005,Snacks,Rural,891,16.56584699,1,4
2024-03-23,1001,Beverages,Semi-Urban,1647,17.71661637,0,5
2024-03-24,1001,Beverages,Urban,1909,10.98326334,1,6
2024-03-25,1005,Snacks,Urban,1394,5.642458875,0,0
2024-03-26,1003,Household,Semi-Urban,591,3.14592096,1,1
2024-03-27,1001,Beverages,Urban,307,2.656409889,0,2
2024-03-28,1001,Beverages,Urban,1662,14.6624715,0,3
2024-03-29,1004,Personal Care,Semi-Urban,1707,8.982255829,0,4
2024-03-30,1003,Household,Semi-Urban,1183,18.20183761,0,5
2024-03-31,1001,Beverages,Urban,529,15.05375471,0,6
2024-04-01,1003,Household,Rural,1084,4.63394794,0,0
2024-04-02,1005,Snacks,Rural,1780,12.66177096,1,1
2024-04-03,1002,Dairy,Semi-Urban,1728,9.274603634,1,2
2024-04-04,1001,Beverages,Semi-Urban,1432,11.96774488,1,3
2024-04-05,1004,Personal Care,Rural,619,15.02331334,0,4
2024-04-06,1005,Snacks,Urban,690,16.31772174,0,5
2024-04-07,1003,Household,Rural,1150,17.0310092,1,6
2024-04-08,1005,Snacks,Rural,1809,5.825522617,0,0
2024-04-09,1001,Beverages,Rural,1685,1.591196398,0,1
2024-04-10,1003,Household,Rural,298,15.04659997,0,2
2024-04-11,1002,Dairy,Semi-Urban,486,3.020530799,0,3
2024-04-12,1005,Snacks,Semi-Urban,448,6.983472184,0,4
2024-04-13,1001,Beverages,Urban,1059,1.072525548,1,5
2024-04-14,1004,Personal Care,Urban,792,13.95172017,1,6
2024-04-15,1003,Household,Urban,1659,4.175508218,1,0
2024-04-16,1005,Snacks,Urban,1951,13.45036578,1,1
2024-04-17,1005,Snacks,Rural,477,19.84310973,1,2
2024-04-18,1002,Dairy,Semi-Urban,998,2.380746561,0,3
2024-04-19,1002,Dairy,Semi-Urban,1015,2.464482227,0,4
2024-04-20,1004,Personal Care,Urban,1681,7.467221761,0,5
2024-04-21,1004,Personal Care,Urban,626,17.46134377,0,6
2024-04-22,1001,Beverages,Rural,1276,5.095067507,1,0
2024-04-23,1001,Beverages,Rural,833,7.847178579,1,1
2024-04-24,1004,Personal Care,Urban,305,2.301602726,1,2
2024-04-25,1004,Personal Care,Semi-Urban,554,15.49995053,0,3
2024-04-26,1003,Household,Semi-Urban,1396,8.757820512,1,4
2024-04-27,1002,Dairy,Semi-Urban,1359,15.42572593,0,5
2024-04-28,1001,Beverages,Urban,1975,18.16854904,1,6
2024-04-29,1002,Dairy,Semi-Urban,1863,5.422499795,1,0
2024-04-30,1002,Dairy,Rural,620,16.34052458,0,1
2024-05-01,1004,Personal Care,Rural,1801,2.122783911,0,2
2024-05-02,1003,Household,Urban,1116,18.07810038,1,3
2024-05-03,1005,Snacks,Rural,1055,13.3646024,1,4
2024-05-04,1003,Household,Urban,1954,17.61030776,0,5
2024-05-05,1003,Household,Semi-Urban,825,1.003579592,1,6
2024-05-06,1002,Dairy,Semi-Urban,1113,4.212540337,1,0
2024-05-07,1003,Household,Semi-Urban,600,8.405428361,0,1
2024-05-08,1001,Beverages,Rural,216,8.210555164,1,2
2024-05-09,1002,Dairy,Urban,485,5.307877276,0,3
2024-05-10,1001,Beverages,Semi-Urban,1467,8.250626857,1,4
2024-05-11,1005,Snacks,Urban,683,3.448125528,0,5
2024-05-12,1002,Dairy,Semi-Urban,494,8.842461456,1,6
2024-05-13,1005,Snacks,Rural,1187,16.24473225,0,0
2024-05-14,1002,Dairy,Rural,1840,10.1023312,1,1
2024-05-15,1004,Personal Care,Urban,820,1.34200169,0,2
2024-05-16,1003,Household,Rural,171,9.00743679,1,3
2024-05-17,1004,Personal Care,Rural,1912,1.516325306,1,4
2024-05-18,1005,Snacks,Urban,373,19.3586248,1,5
2024-05-19,1003,Household,Semi-Urban,1443,3.421625229,1,6
2024-05-20,1002,Dairy,Rural,437,14.4460782,1,0
2024-05-21,1003,Household,Urban,1489,19.48275013,1,1
2024-05-22,1001,Beverages,Rural,1618,16.69474198,1,2
2024-05-23,1003,Household,Rural,706,14.28699213,1,3
2024-05-24,1001,Beverages,Rural,265,16.94975728,1,4
2024-05-25,1003,Household,Rural,1667,19.65417517,0,5
2024-05-26,1001,Beverages,Urban,110,12.80554545,0,6
2024-05-27,1005,Snacks,Urban,1424,11.62451133,1,0
2024-05-28,1004,Personal Care,Urban,828,12.9365241,0,1
2024-05-29,1002,Dairy,Rural,900,11.12084185,1,2
2024-05-30,1003,Household,Rural,201,13.06669301,1,3
2024-05-31,1004,Personal Care,Rural,1548,9.547001951,0,4
2024-06-01,1002,Dairy,Urban,1515,5.150420475,1,5
2024-06-02,1002,Dairy,Rural,878,3.284697304,1,6
2024-06-03,1001,Beverages,Semi-Urban,313,2.298477775,0,0
2024-06-04,1005,Snacks,Rural,1814,6.002999891,0,1
2024-06-05,1005,Snacks,Semi-Urban,1211,1.876347722,1,2
2024-06-06,1004,Personal Care,Rural,1676,11.77624482,0,3
2024-06-07,1005,Snacks,Urban,500,6.392740493,0,4
2024-06-08,1003,Household,Rural,687,16.66616135,1,5
2024-06-09,1005,Snacks,Semi-Urban,988,2.410576587,0,6
2024-06-10,1004,Personal Care,Semi-Urban,1169,5.300678392,0,0
2024-06-11,1005,Snacks,Rural,1795,14.87467679,1,1
2024-06-12,1003,Household,Semi-Urban,1586,12.37735763,0,2
2024-06-13,1001,Beverages,Semi-Urban,691,2.225334154,0,3
2024-06-14,1004,Personal Care,Urban,1433,17.66754969,1,4
2024-06-15,1001,Beverages,Rural,1209,17.66797349,1,5
2024-06-16,1001,Beverages,Rural,191,7.277752074,1,6
2024-06-17,1001,Beverages,Rural,1783,7.467711024,0,0
2024-06-18,1002,Dairy,Semi-Urban,772,19.79153881,1,1
2024-06-19,1002,Dairy,Rural,813,12.89734726,1,2
2024-06-20,1001,Beverages,Rural,1035,11.09501389,0,3
2024-06-21,1004,Personal Care,Urban,341,16.92489149,1,4
2024-06-22,1003,Household,Urban,1988,6.420516429,1,5
2024-06-23,1003,Household,Urban,101,9.154469275,1,6
2024-06-24,1005,Snacks,Semi-Urban,324,6.087756834,1,0
2024-06-25,1004,Personal Care,Rural,900,15.99405609,0,1
2024-06-26,1002,Dairy,Urban,1868,11.89363757,1,2
2024-06-27,1001,Beverages,Urban,688,13.51767633,1,3
2024-06-28,1005,Snacks,Urban,215,5.793837747,0,4
2024-06-29,1003,Household,Rural,1789,5.184280726,1,5
2024-06-30,1002,Dairy,Rural,1017,10.27911795,0,6
2024-07-01,1002,Dairy,Rural,1226,15.01374923,0,0
2024-07-02,1001,Beverages,Semi-Urban,293,10.97955539,0,1
2024-07-03,1003,Household,Semi-Urban,1289,1.620267873,1,2
2024-07-04,1004,Personal Care,Urban,970,17.50247862,0,3
2024-07-05,1002,Dairy,Rural,189,2.229050977,0,4
2024-07-06,1001,Beverages,Urban,1809,19.16066519,0,5
2024-07-07,1004,Personal Care,Rural,221,1.477697207,1,6
2024-07-08,1003,Household,Rural,242,14.19455867,1,0
2024-07-09,1002,Dairy,Rural,1093,2.561934211,1,1
2024-07-10,1004,Personal Care,Semi-Urban,205,18.30285501,1,2
2024-07-11,1004,Personal Care,Semi-Urban,986,9.824231488,1,3
2024-07-12,1004,Personal Care,Rural,527,3.612951722,1,4
2024-07-13,1002,Dairy,Urban,1428,7.475498296,1,5
2024-07-14,1002,Dairy,Rural,1995,4.131668832,0,6
2024-07-15,1005,Snacks,Rural,416,4.24105632,0,0
2024-07-16,1003,Household,Urban,734,19.01405808,0,1
2024-07-17,1001,Beverages,Rural,108,9.459676133,0,2
2024-07-18,1004,Personal Care,Urban,873,15.98724301,1,3
2024-07-19,1005,Snacks,Semi-Urban,1196,13.15250566,0,4
2024-07-20,1001,Beverages,Semi-Urban,1482,13.85210088,0,5
2024-07-21,1005,Snacks,Urban,322,3.502175331,0,6
2024-07-22,1002,Dairy,Semi-Urban,1539,5.449504489,0,0
2024-07-23,1004,Personal Care,Semi-Urban,652,15.94825637,1,1
2024-07-24,1001,Beverages,Urban,1493,19.44455792,1,2
2024-07-25,1001,Beverages,Semi-Urban,815,5.990837209,1,3
2024-07-26,1001,Beverages,Rural,1387,6.15980653,0,4
2024-07-27,1001,Beverages,Rural,1963,9.985045523,1,5
2024-07-28,1001,Beverages,Urban,1813,19.69296594,0,6
2024-07-29,1005,Snacks,Semi-Urban,1983,6.110219971,1,0
2024-07-30,1004,Personal Care,Rural,1441,8.732466283,1,1
2024-07-31,1002,Dairy,Rural,1207,17.9381203,1,2
2024-08-01,1002,Dairy,Semi-Urban,1441,1.05549962,1,3
2024-08-02,1002,Dairy,Semi-Urban,210,1.755553335,1,4
2024-08-03,1002,Dairy,Rural,350,12.47736186,0,5
2024-08-04,1005,Snacks,Rural,482,18.24022313,1,6
2024-08-05,1003,Household,Urban,106,5.538276548,0,0
2024-08-06,1004,Personal Care,Urban,558,9.923193719,0,1
2024-08-07,1001,Beverages,Rural,1207,9.558840731,0,2
2024-08-08,1003,Household,Urban,307,9.986455576,0,3
2024-08-09,1002,Dairy,Rural,999,12.82787422,0,4
2024-08-10,1003,Household,Rural,1513,9.925131497,1,5
2024-08-11,1004,Personal Care,Urban,1437,9.501894685,1,6
2024-08-12,1001,Beverages,Urban,121,10.01147999,1,0
2024-08-13,1001,Beverages,Semi-Urban,509,12.22648138,1,1
2024-08-14,1004,Personal Care,Semi-Urban,994,11.20314228,0,2
2024-08-15,1004,Personal Care,Semi-Urban,614,17.22858396,1,3
2024-08-16,1002,Dairy,Rural,1250,1.940440216,1,4
2024-08-17,1001,Beverages,Urban,908,16.83302436,0,5
2024-08-18,1003,Household,Rural,1823,17.03456764,0,6
2024-08-19,1005,Snacks,Urban,973,6.413252409,1,0
2024-08-20,1005,Snacks,Rural,113,9.794187145,1,1
2024-08-21,1004,Personal Care,Semi-Urban,1070,9.332231282,0,2
2024-08-22,1002,Dairy,Semi-Urban,1077,5.151686853,1,3
2024-08-23,1005,Snacks,Semi-Urban,1113,8.539140095,1,4
2024-08-24,1001,Beverages,Rural,1135,1.843367671,1,5
2024-08-25,1004,Personal Care,Urban,186,6.278619383,1,6
2024-08-26,1003,Household,Urban,1647,16.51696133,0,0
2024-08-27,1004,Personal Care,Semi-Urban,1008,6.406683733,0,1
2024-08-28,1003,Household,Semi-Urban,1660,16.54592671,0,2
2024-08-29,1004,Personal Care,Semi-Urban,1424,11.10038983,1,3
2024-08-30,1004,Personal Care,Semi-Urban,1366,17.71739087,1,4
2024-08-31,1004,Personal Care,Urban,221,11.92081153,1,5
2024-09-01,1003,Household,Rural,1270,1.563696238,1,6
2024-09-02,1003,Household,Rural,1690,13.83298394,1,0
2024-09-03,1004,Personal Care,Rural,849,1.852217792,0,1
2024-09-04,1005,Snacks,Rural,1479,9.561343361,1,2
2024-09-05,1002,Dairy,Semi-Urban,784,18.65910719,1,3
2024-09-06,1002,Dairy,Semi-Urban,1856,4.138874847,0,4
2024-09-07,1002,Dairy,Semi-Urban,1754,8.407574706,1,5
2024-09-08,1003,Household,Rural,408,14.86734587,0,6
2024-09-09,1003,Household,Semi-Urban,794,17.76291257,0,0
2024-09-10,1005,Snacks,Semi-Urban,387,13.74791709,0,1
2024-09-11,1002,Dairy,Urban,406,5.90529183,0,2
2024-09-12,1002,Dairy,Urban,1935,13.81754921,0,3
2024-09-13,1004,Personal Care,Semi-Urban,1717,6.637825181,1,4
2024-09-14,1003,Household,Urban,1013,14.65015537,0,5
2024-09-15,1002,Dairy,Urban,1846,19.12662942,0,6
2024-09-16,1005,Snacks,Semi-Urban,761,14.70647557,1,0
2024-09-17,1005,Snacks,Semi-Urban,648,17.39472956,1,1
2024-09-18,1002,Dairy,Semi-Urban,1475,1.03997302,0,2
2024-09-19,1003,Household,Semi-Urban,411,14.63387037,1,3
2024-09-20,1005,Snacks,Rural,972,16.76216358,1,4
2024-09-21,1004,Personal Care,Rural,1182,1.770616013,0,5
2024-09-22,1005,Snacks,Semi-Urban,1766,17.56035682,0,6
2024-09-23,1001,Beverages,Urban,1023,5.877190338,1,0
2024-09-24,1001,Beverages,Semi-Urban,1837,13.64054994,0,1
2024-09-25,1003,Household,Semi-Urban,854,16.2067427,0,2
2024-09-26,1002,Dairy,Urban,134,13.59062575,1,3
