date,product_id,planned_qty,produced_qty,production_variance,machine_utilization,downtime_hours,production_status
2022-01-01,1003,1741.0,1717,-24.0,98.62148190695002,1.0,Under Produced
2022-01-02,1004,1213.0,1325,112.0,109.2333058532564,0.0,Over / On Target
2022-01-03,1002,501.0,526,25.0,104.99001996007983,0.5,Over / On Target
2022-01-04,1004,1218.0,1242,24.0,101.9704433497537,1.0,Over / On Target
2022-01-05,1004,1592.0,1518,-74.0,95.35175879396985,1.0,Under Produced
2022-01-06,1005,1382.0,1331,-51.0,96.30969609261939,0.5,Under Produced
2022-01-07,1002,1086.0,1019,-67.0,93.8305709023941,1.0,Under Produced
2022-01-08,1002,2121.0,2206,85.0,104.00754361150402,2.0,Over / On Target
2022-01-09,1002,2159.0,2224,65.0,103.01065308012969,0.5,Over / On Target
2022-01-10,1004,249.0,258,9.0,103.6144578313253,1.0,Over / On Target
2022-01-11,1003,1352.0,1234,-118.0,91.27218934911244,2.0,Under Produced
2022-01-12,1002,1219.0,1311,92.0,107.54716981132076,1.0,Over / On Target
2022-01-13,1004,773.0,823,50.0,106.46830530401034,0.5,Over / On Target
2022-01-14,1005,2114.0,2076,-38.0,98.20245979186376,0.0,Under Produced
2022-01-15,1003,1651.0,1597,-54.0,96.72925499697153,0.5,Under Produced
2022-01-16,1005,1224.0,1184,-40.0,96.73202614379085,0.5,Under Produced
2022-01-17,1003,165.0,161,-4.0,97.57575757575758,1.0,Under Produced
2022-01-18,1004,1267.0,1291,24.0,101.89423835832676,0.5,Over / On Target
2022-01-19,1001,1744.0,1700,-44.0,97.47706422018348,2.0,Under Produced
2022-01-20,1003,1561.0,1551,-10.0,99.35938500960923,0.0,Under Produced
2022-01-21,1005,1562.0,1596,34.0,102.17669654289372,1.0,Over / On Target
2022-01-22,1004,2034.0,1955,-79.0,96.11602753195673,0.5,Under Produced
2022-01-23,1003,966.0,950,-16.0,98.34368530020704,0.5,Under Produced
2022-01-24,1001,1683.0,1658,-25.0,98.51455733808675,1.0,Under Produced
2022-01-25,1001,2081.0,2119,38.0,101.82604517059106,0.0,Over / On Target
2022-01-26,1002,1004.0,1072,68.0,106.77290836653385,0.0,Over / On Target
2022-01-27,1002,1910.0,1853,-57.0,97.01570680628272,0.5,Under Produced
2022-01-28,1005,1681.0,1710,29.0,101.72516359309935,0.5,Over / On Target
2022-01-29,1003,1616.0,1646,30.0,101.85643564356435,1.0,Over / On Target
2022-01-30,1003,1920.0,1761,-159.0,91.71875,2.0,Under Produced
2022-01-31,1002,571.0,594,23.0,104.02802101576182,0.0,Over / On Target
2022-02-01,1003,1436.0,1387,-49.0,96.58774373259052,0.5,Under Produced
2022-02-02,1003,1190.0,1118,-72.0,93.94957983193277,1.0,Under Produced
2022-02-03,1001,1016.0,1069,53.0,105.21653543307086,2.0,Over / On Target
2022-02-04,1002,1236.0,1304,68.0,105.50161812297733,2.0,Over / On Target
2022-02-05,1004,2149.0,2259,110.0,105.11865984178688,1.0,Over / On Target
2022-02-06,1002,733.0,723,-10.0,98.63574351978171,0.5,Under Produced
2022-02-07,1004,517.0,499,-18.0,96.5183752417795,0.0,Under Produced
2022-02-08,1001,1138.0,1187,49.0,104.30579964850615,0.5,Over / On Target
2022-02-09,1005,836.0,841,5.0,100.5980861244019,0.5,Over / On Target
2022-02-10,1003,1709.0,1621,-88.0,94.85078993563488,1.0,Under Produced
2022-02-11,1001,1175.0,1180,5.0,100.42553191489361,1.0,Over / On Target
2022-02-12,1003,1575.0,1473,-102.0,93.52380952380952,1.0,Under Produced
2022-02-13,1005,1386.0,1492,106.0,107.64790764790763,0.5,Over / On Target
2022-02-14,1005,331.0,321,-10.0,96.97885196374622,1.0,Under Produced
2022-02-15,1001,1715.0,1800,85.0,104.95626822157433,0.0,Over / On Target
2022-02-16,1005,453.0,452,-1.0,99.77924944812362,0.0,Under Produced
2022-02-17,1004,238.0,245,7.0,102.94117647058823,0.0,Over / On Target
2022-02-18,1005,1968.0,1952,-16.0,99.1869918699187,2.0,Under Produced
2022-02-19,1003,1140.0,1115,-25.0,97.80701754385966,0.0,Under Produced
2022-02-20,1003,2119.0,2279,160.0,107.55073147711185,1.0,Over / On Target
2022-02-21,1003,741.0,790,49.0,106.61268556005399,0.0,Over / On Target
2022-02-22,1003,377.0,408,31.0,108.22281167108754,0.5,Over / On Target
2022-02-23,1004,700.0,731,31.0,104.42857142857143,2.0,Over / On Target
2022-02-24,1002,1898.0,1954,56.0,102.9504741833509,0.5,Over / On Target
2022-02-25,1001,191.0,208,17.0,108.90052356020942,0.0,Over / On Target
2022-02-26,1003,2122.0,2044,-78.0,96.32422243166823,0.0,Under Produced
2022-02-27,1005,534.0,502,-32.0,94.00749063670412,2.0,Under Produced
2022-02-28,1003,1466.0,1388,-78.0,94.6793997271487,0.5,Under Produced
2022-03-01,1005,631.0,624,-7.0,98.8906497622821,0.5,Under Produced
2022-03-02,1005,569.0,568,-1.0,99.82425307557118,0.5,Under Produced
2022-03-03,1003,491.0,482,-9.0,98.16700610997964,0.5,Under Produced
2022-03-04,1004,1817.0,1952,135.0,107.42982938910292,0.0,Over / On Target
2022-03-05,1005,813.0,800,-13.0,98.4009840098401,1.0,Under Produced
2022-03-06,1005,1142.0,1110,-32.0,97.19789842381786,1.0,Under Produced
2022-03-07,1003,1159.0,1195,36.0,103.10612597066438,0.0,Over / On Target
2022-03-08,1005,1072.0,1020,-52.0,95.1492537313433,1.0,Under Produced
2022-03-09,1005,948.0,977,29.0,103.05907172995781,2.0,Over / On Target
2022-03-10,1003,1432.0,1319,-113.0,92.10893854748603,2.0,Under Produced
2022-03-11,1003,1436.0,1577,141.0,109.81894150417828,0.0,Over / On Target
2022-03-12,1001,839.0,886,47.0,105.60190703218117,0.5,Over / On Target
2022-03-13,1004,136.0,128,-8.0,94.11764705882352,2.0,Under Produced
2022-03-14,1004,1433.0,1363,-70.0,95.11514305652477,0.0,Under Produced
2022-03-15,1005,890.0,954,64.0,107.19101123595505,0.0,Over / On Target
2022-03-16,1004,1786.0,1815,29.0,101.62374020156774,2.0,Over / On Target
2022-03-17,1005,2177.0,2284,107.0,104.91502067064769,0.5,Over / On Target
2022-03-18,1001,1412.0,1491,79.0,105.59490084985836,0.5,Over / On Target
2022-03-19,1003,304.0,289,-15.0,95.06578947368422,0.5,Under Produced
2022-03-20,1003,422.0,415,-7.0,98.34123222748815,1.0,Under Produced
2022-03-21,1003,178.0,170,-8.0,95.50561797752809,0.5,Under Produced
2022-03-22,1004,1212.0,1260,48.0,103.96039603960396,2.0,Over / On Target
2022-03-23,1001,837.0,857,20.0,102.389486260454,1.0,Over / On Target
2022-03-24,1004,842.0,833,-9.0,98.93111638954869,0.5,Under Produced
2022-03-25,1004,280.0,266,-14.0,95.0,0.5,Under Produced
2022-03-26,1001,1751.0,1745,-6.0,99.65733866362079,0.0,Under Produced
2022-03-27,1001,1289.0,1262,-27.0,97.90535298681148,1.0,Under Produced
2022-03-28,1001,1173.0,1231,58.0,104.94458653026429,0.5,Over / On Target
2022-03-29,1001,1043.0,1049,6.0,100.57526366251199,2.0,Over / On Target
2022-03-30,1003,1328.0,1425,97.0,107.30421686746988,0.5,Over / On Target
2022-03-31,1002,1632.0,1650,18.0,101.10294117647058,0.5,Over / On Target
2022-04-01,1002,867.0,831,-36.0,95.8477508650519,0.5,Under Produced
2022-04-02,1001,272.0,282,10.0,103.6764705882353,1.0,Over / On Target
2022-04-03,1002,1928.0,2032,104.0,105.3941908713693,0.5,Over / On Target
2022-04-04,1002,485.0,502,17.0,103.50515463917527,0.0,Over / On Target
2022-04-05,1001,632.0,648,16.0,102.53164556962024,2.0,Over / On Target
2022-04-06,1002,1305.0,1323,18.0,101.37931034482759,0.5,Over / On Target
2022-04-07,1004,2006.0,2043,37.0,101.84446660019941,0.5,Over / On Target
2022-04-08,1005,1631.0,1621,-10.0,99.3868792152054,1.0,Under Produced
2022-04-09,1005,726.0,678,-48.0,93.38842975206612,1.0,Under Produced
2022-04-10,1001,469.0,448,-21.0,95.52238805970148,0.5,Under Produced
2022-04-11,1003,2081.0,1987,-94.0,95.48294089380106,0.0,Under Produced
2022-04-12,1001,2045.0,2097,52.0,102.54278728606356,1.0,Over / On Target
2022-04-13,1003,1390.0,1386,-4.0,99.71223021582733,0.0,Under Produced
2022-04-14,1005,1198.0,1206,8.0,100.66777963272119,1.0,Over / On Target
2022-04-15,1001,345.0,375,30.0,108.69565217391303,0.0,Over / On Target
2022-04-16,1004,587.0,574,-13.0,97.78534923339012,0.5,Under Produced
2022-04-17,1002,1156.0,1169,13.0,101.12456747404843,0.0,Over / On Target
2022-04-18,1003,904.0,952,48.0,105.30973451327435,0.5,Over / On Target
2022-04-19,1002,1585.0,1528,-57.0,96.40378548895899,1.0,Under Produced
2022-04-20,1002,144.0,138,-6.0,95.83333333333334,0.0,Under Produced
2022-04-21,1001,846.0,832,-14.0,98.3451536643026,0.5,Under Produced
2022-04-22,1002,422.0,394,-28.0,93.36492890995261,2.0,Under Produced
2022-04-23,1004,1571.0,1696,125.0,107.95671546785488,0.5,Over / On Target
2022-04-24,1002,581.0,611,30.0,105.16351118760758,1.0,Over / On Target
2022-04-25,1001,1760.0,1769,9.0,100.51136363636364,2.0,Over / On Target
2022-04-26,1004,424.0,441,17.0,104.00943396226414,2.0,Over / On Target
2022-04-27,1005,1394.0,1437,43.0,103.08464849354375,2.0,Over / On Target
2022-04-28,1002,1702.0,1648,-54.0,96.82726204465335,0.5,Under Produced
2022-04-29,1001,1256.0,1311,55.0,104.37898089171975,2.0,Over / On Target
2022-04-30,1005,129.0,130,1.0,100.7751937984496,1.0,Over / On Target
2022-05-01,1005,955.0,1004,49.0,105.13089005235602,1.0,Over / On Target
2022-05-02,1003,758.0,822,64.0,108.44327176781003,0.0,Over / On Target
2022-05-03,1004,1643.0,1574,-69.0,95.80036518563602,2.0,Under Produced
2022-05-04,1002,1428.0,1352,-76.0,94.67787114845937,1.0,Under Produced
2022-05-05,1001,1220.0,1176,-44.0,96.39344262295081,1.0,Under Produced
2022-05-06,1003,322.0,327,5.0,101.5527950310559,0.0,Over / On Target
2022-05-07,1004,661.0,709,48.0,107.26172465960666,0.0,Over / On Target
2022-05-08,1003,1196.0,1243,47.0,103.92976588628761,2.0,Over / On Target
2022-05-09,1004,1360.0,1280,-80.0,94.11764705882352,0.5,Under Produced
2022-05-10,1004,234.0,238,4.0,101.7094017094017,0.5,Over / On Target
2022-05-11,1002,1480.0,1469,-11.0,99.25675675675676,1.0,Under Produced
2022-05-12,1004,1981.0,1948,-33.0,98.334174659263,0.0,Under Produced
2022-05-13,1003,1151.0,1103,-48.0,95.82971329278888,0.5,Under Produced
2022-05-14,1004,1023.0,1013,-10.0,99.02248289345064,0.5,Under Produced
2022-05-15,1002,1944.0,2102,158.0,108.1275720164609,0.5,Over / On Target
2022-05-16,1002,1526.0,1508,-18.0,98.82044560943643,0.5,Under Produced
2022-05-17,1003,1126.0,1157,31.0,102.75310834813499,0.0,Over / On Target
2022-05-18,1005,169.0,178,9.0,105.32544378698225,0.0,Over / On Target
2022-05-19,1005,2193.0,2159,-34.0,98.44961240310077,1.0,Under Produced
2022-05-20,1004,1943.0,2051,108.0,105.55841482243953,2.0,Over / On Target
2022-05-21,1001,989.0,1072,83.0,108.3923154701719,0.5,Over / On Target
2022-05-22,1004,965.0,953,-12.0,98.75647668393782,0.0,Under Produced
2022-05-23,1003,1739.0,1782,43.0,102.47268545140886,0.0,Over / On Target
2022-05-24,1003,287.0,280,-7.0,97.5609756097561,1.0,Under Produced
2022-05-25,1003,1653.0,1575,-78.0,95.28130671506352,2.0,Under Produced
2022-05-26,1003,205.0,194,-11.0,94.6341463414634,0.5,Under Produced
2022-05-27,1003,169.0,176,7.0,104.14201183431953,0.0,Over / On Target
2022-05-28,1002,1759.0,1769,10.0,100.56850483229107,1.0,Over / On Target
2022-05-29,1005,2115.0,1983,-132.0,93.75886524822695,1.0,Under Produced
2022-05-30,1003,1431.0,1405,-26.0,98.18308874912648,0.5,Under Produced
2022-05-31,1001,1665.0,1775,110.0,106.60660660660662,1.0,Over / On Target
2022-06-01,1001,1619.0,1564,-55.0,96.60284126003707,1.0,Under Produced
2022-06-02,1001,1244.0,1159,-85.0,93.16720257234726,2.0,Under Produced
2022-06-03,1001,1025.0,1049,24.0,102.34146341463415,0.0,Over / On Target
2022-06-04,1002,453.0,479,26.0,105.73951434878587,2.0,Over / On Target
2022-06-05,1001,944.0,922,-22.0,97.66949152542372,0.5,Under Produced
2022-06-06,1003,2154.0,2220,66.0,103.06406685236769,1.0,Over / On Target
2022-06-07,1004,596.0,628,32.0,105.36912751677852,0.5,Over / On Target
2022-06-08,1001,2079.0,2028,-51.0,97.54689754689755,0.5,Under Produced
2022-06-09,1002,470.0,488,18.0,103.82978723404254,1.0,Over / On Target
2022-06-10,1002,1295.0,1289,-6.0,99.53667953667954,0.5,Under Produced
2022-06-11,1001,946.0,988,42.0,104.43974630021143,0.0,Over / On Target
2022-06-12,1004,1498.0,1550,52.0,103.47129506008011,0.5,Over / On Target
2022-06-13,1001,1487.0,1517,30.0,102.01748486886348,0.5,Over / On Target
2022-06-14,1002,746.0,719,-27.0,96.38069705093834,0.0,Under Produced
2022-06-15,1005,1291.0,1337,46.0,103.56312935708753,2.0,Over / On Target
2022-06-16,1003,1905.0,1901,-4.0,99.79002624671915,0.0,Under Produced
2022-06-17,1002,1900.0,1839,-61.0,96.78947368421052,0.5,Under Produced
2022-06-18,1001,1217.0,1164,-53.0,95.64502875924404,0.0,Under Produced
2022-06-19,1003,1526.0,1570,44.0,102.88335517693316,0.5,Over / On Target
2022-06-20,1001,1695.0,1766,71.0,104.18879056047197,0.5,Over / On Target
2022-06-21,1001,2119.0,1997,-122.0,94.24256724870222,0.5,Under Produced
2022-06-22,1005,215.0,221,6.0,102.7906976744186,0.0,Over / On Target
2022-06-23,1003,1332.0,1311,-21.0,98.42342342342343,0.0,Under Produced
2022-06-24,1003,1321.0,1356,35.0,102.64950794852385,1.0,Over / On Target
2022-06-25,1005,1552.0,1484,-68.0,95.61855670103093,1.0,Under Produced
2022-06-26,1002,1367.0,1427,60.0,104.38917337234821,0.5,Over / On Target
2022-06-27,1001,1004.0,1012,8.0,100.79681274900398,0.0,Over / On Target
2022-06-28,1004,649.0,682,33.0,105.08474576271188,2.0,Over / On Target
2022-06-29,1001,606.0,588,-18.0,97.02970297029702,0.0,Under Produced
2022-06-30,1001,1785.0,1716,-69.0,96.1344537815126,2.0,Under Produced
2022-07-01,1002,290.0,278,-12.0,95.86206896551724,0.5,Under Produced
2022-07-02,1001,309.0,333,24.0,107.76699029126213,0.5,Over / On Target
2022-07-03,1005,625.0,664,39.0,106.24,1.0,Over / On Target
2022-07-04,1005,1110.0,1053,-57.0,94.86486486486486,2.0,Under Produced
2022-07-05,1003,917.0,953,36.0,103.92584514721919,0.5,Over / On Target
2022-07-06,1004,1014.0,1077,63.0,106.21301775147928,0.5,Over / On Target
2022-07-07,1001,1147.0,1174,27.0,102.3539668700959,0.5,Over / On Target
2022-07-08,1001,117.0,116,-1.0,99.14529914529915,2.0,Under Produced
2022-07-09,1002,472.0,456,-16.0,96.61016949152543,1.0,Under Produced
2022-07-10,1005,961.0,926,-35.0,96.3579604578564,0.0,Under Produced
2022-07-11,1004,1976.0,2143,167.0,108.4514170040486,0.0,Over / On Target
2022-07-12,1003,275.0,298,23.0,108.36363636363637,0.0,Over / On Target
2022-07-13,1005,1329.0,1389,60.0,104.51467268623024,0.0,Over / On Target
2022-07-14,1003,271.0,271,0.0,100.0,0.0,Over / On Target
2022-07-15,1002,1922.0,1888,-34.0,98.23100936524453,1.0,Under Produced
2022-07-16,1002,1654.0,1751,97.0,105.8645707376058,0.0,Over / On Target
2022-07-17,1001,1115.0,1198,83.0,107.44394618834082,0.5,Over / On Target
2022-07-18,1004,1838.0,1954,116.0,106.31120783460284,1.0,Over / On Target
2022-07-19,1003,1549.0,1653,104.0,106.7140090380891,0.0,Over / On Target
2022-07-20,1005,879.0,920,41.0,104.66439135381115,0.0,Over / On Target
2022-07-21,1002,199.0,192,-7.0,96.4824120603015,0.0,Under Produced
2022-07-22,1001,674.0,657,-17.0,97.47774480712165,0.0,Under Produced
2022-07-23,1001,1005.0,1070,65.0,106.46766169154229,1.0,Over / On Target
2022-07-24,1003,889.0,908,19.0,102.13723284589426,1.0,Over / On Target
2022-07-25,1002,1811.0,1723,-88.0,95.1408061844285,0.0,Under Produced
2022-07-26,1004,930.0,888,-42.0,95.48387096774194,0.5,Under Produced
2022-07-27,1002,1234.0,1295,61.0,104.94327390599676,0.0,Over / On Target
2022-07-28,1003,1660.0,1562,-98.0,94.09638554216868,0.5,Under Produced
2022-07-29,1003,887.0,855,-32.0,96.3923337091319,0.5,Under Produced
2022-07-30,1002,627.0,641,14.0,102.2328548644338,0.5,Over / On Target
2022-07-31,1003,1366.0,1426,60.0,104.39238653001463,0.5,Over / On Target
2022-08-01,1002,544.0,570,26.0,104.77941176470588,0.0,Over / On Target
2022-08-02,1005,1821.0,1755,-66.0,96.37561779242174,1.0,Under Produced
2022-08-03,1002,396.0,403,7.0,101.76767676767678,2.0,Over / On Target
2022-08-04,1002,994.0,940,-54.0,94.56740442655935,2.0,Under Produced
2022-08-05,1003,1136.0,1135,-1.0,99.91197183098592,0.0,Under Produced
2022-08-06,1003,1517.0,1581,64.0,104.2188529993408,1.0,Over / On Target
2022-08-07,1001,2043.0,2099,56.0,102.74106705824768,1.0,Over / On Target
2022-08-08,1001,1104.0,1145,41.0,103.71376811594205,2.0,Over / On Target
2022-08-09,1005,1484.0,1556,72.0,104.85175202156334,0.0,Over / On Target
2022-08-10,1001,1294.0,1314,20.0,101.54559505409581,1.0,Over / On Target
2022-08-11,1002,1143.0,1102,-41.0,96.41294838145232,0.0,Under Produced
2022-08-12,1003,2189.0,2157,-32.0,98.53814527181362,1.0,Under Produced
2022-08-13,1001,1785.0,1749,-36.0,97.98319327731092,0.5,Under Produced
2022-08-14,1001,1792.0,1732,-60.0,96.65178571428571,1.0,Under Produced
2022-08-15,1005,1048.0,1107,59.0,105.62977099236642,2.0,Over / On Target
2022-08-16,1005,1636.0,1634,-2.0,99.87775061124694,0.5,Under Produced
2022-08-17,1002,1543.0,1657,114.0,107.38820479585223,0.5,Over / On Target
2022-08-18,1003,761.0,795,34.0,104.46780551905388,0.0,Over / On Target
2022-08-19,1005,894.0,947,53.0,105.92841163310962,0.5,Over / On Target
2022-08-20,1001,1409.0,1431,22.0,101.56139105748758,0.5,Over / On Target
2022-08-21,1003,804.0,833,29.0,103.60696517412936,0.0,Over / On Target
2022-08-22,1003,174.0,171,-3.0,98.27586206896551,2.0,Under Produced
2022-08-23,1001,2035.0,1993,-42.0,97.93611793611794,0.0,Under Produced
2022-08-24,1005,250.0,260,10.0,104.0,1.0,Over / On Target
2022-08-25,1001,919.0,875,-44.0,95.21218715995647,2.0,Under Produced
2022-08-26,1003,902.0,824,-78.0,91.35254988913526,2.0,Under Produced
2022-08-27,1004,1362.0,1399,37.0,102.71659324522761,1.0,Over / On Target
2022-08-28,1004,1465.0,1431,-34.0,97.67918088737201,0.0,Under Produced
2022-08-29,1002,688.0,737,49.0,107.12209302325581,1.0,Over / On Target
2022-08-30,1001,682.0,745,63.0,109.23753665689149,0.0,Over / On Target
2022-08-31,1001,716.0,750,34.0,104.74860335195531,2.0,Over / On Target
2022-09-01,1002,370.0,365,-5.0,98.64864864864865,1.0,Under Produced
2022-09-02,1002,1544.0,1439,-105.0,93.19948186528497,1.0,Under Produced
2022-09-03,1002,1630.0,1775,145.0,108.89570552147238,0.0,Over / On Target
2022-09-04,1003,1456.0,1462,6.0,100.41208791208791,0.5,Over / On Target
2022-09-05,1001,2069.0,2224,155.0,107.49154180763654,1.0,Over / On Target
2022-09-06,1003,1541.0,1625,84.0,105.4510058403634,2.0,Over / On Target
2022-09-07,1002,1494.0,1610,116.0,107.76439089692103,0.0,Over / On Target
2022-09-08,1001,652.0,622,-30.0,95.39877300613497,2.0,Under Produced
2022-09-09,1003,113.0,114,1.0,100.88495575221239,0.0,Over / On Target
2022-09-10,1003,842.0,891,49.0,105.81947743467934,1.0,Over / On Target
2022-09-11,1002,595.0,582,-13.0,97.81512605042016,1.0,Under Produced
2022-09-12,1001,141.0,138,-3.0,97.87234042553192,0.0,Under Produced
2022-09-13,1002,1355.0,1400,45.0,103.3210332103321,0.0,Over / On Target
2022-09-14,1001,780.0,835,55.0,107.05128205128204,1.0,Over / On Target
2022-09-15,1004,2035.0,2125,90.0,104.42260442260442,0.5,Over / On Target
2022-09-16,1005,994.0,1029,35.0,103.52112676056338,0.0,Over / On Target
2022-09-17,1005,191.0,180,-11.0,94.24083769633508,1.0,Under Produced
2022-09-18,1005,1031.0,1054,23.0,102.23084384093113,1.0,Over / On Target
2022-09-19,1002,1396.0,1520,124.0,108.88252148997135,0.5,Over / On Target
2022-09-20,1004,250.0,243,-7.0,97.2,0.0,Under Produced
2022-09-21,1001,2174.0,2234,60.0,102.75988960441582,0.0,Over / On Target
2022-09-22,1003,155.0,165,10.0,106.4516129032258,1.0,Over / On Target
2022-09-23,1001,1627.0,1710,83.0,105.10141364474492,0.5,Over / On Target
2022-09-24,1003,154.0,159,5.0,103.24675324675326,1.0,Over / On Target
2022-09-25,1001,1136.0,1176,40.0,103.52112676056338,1.0,Over / On Target
2022-09-26,1004,146.0,145,-1.0,99.31506849315068,0.5,Under Produced
2022-09-27,1003,1254.0,1247,-7.0,99.44178628389155,0.0,Under Produced
2022-09-28,1002,1980.0,2042,62.0,103.13131313131314,2.0,Over / On Target
2022-09-29,1001,1404.0,1490,86.0,106.12535612535612,0.5,Over / On Target
2022-09-30,1001,1207.0,1279,72.0,105.96520298260148,1.0,Over / On Target
2022-10-01,1003,1651.0,1729,78.0,104.72440944881889,2.0,Over / On Target
2022-10-02,1002,756.0,746,-10.0,98.67724867724867,2.0,Under Produced
2022-10-03,1002,1894.0,1923,29.0,101.53115100316789,0.5,Over / On Target
2022-10-04,1004,1927.0,2061,134.0,106.95381421899326,0.0,Over / On Target
2022-10-05,1002,2197.0,2213,16.0,100.72826581702321,2.0,Over / On Target
2022-10-06,1002,485.0,502,17.0,103.50515463917527,1.0,Over / On Target
2022-10-07,1002,139.0,147,8.0,105.75539568345324,0.5,Over / On Target
2022-10-08,1005,2143.0,2301,158.0,107.37284181054596,0.5,Over / On Target
2022-10-09,1004,1551.0,1537,-14.0,99.09735654416505,0.5,Under Produced
2022-10-10,1001,820.0,792,-28.0,96.58536585365853,2.0,Under Produced
2022-10-11,1003,913.0,871,-42.0,95.39978094194961,0.5,Under Produced
2022-10-12,1001,294.0,299,5.0,101.70068027210884,1.0,Over / On Target
2022-10-13,1004,780.0,730,-50.0,93.58974358974359,1.0,Under Produced
2022-10-14,1003,404.0,404,0.0,100.0,1.0,Over / On Target
2022-10-15,1004,2059.0,2082,23.0,101.1170471102477,1.0,Over / On Target
2022-10-16,1002,1012.0,964,-48.0,95.25691699604744,2.0,Under Produced
2022-10-17,1003,609.0,626,17.0,102.79146141215108,0.5,Over / On Target
2022-10-18,1002,1106.0,1056,-50.0,95.47920433996383,0.0,Under Produced
2022-10-19,1001,1989.0,1861,-128.0,93.5646053293112,1.0,Under Produced
2022-10-20,1001,1676.0,1782,106.0,106.32458233890215,0.5,Over / On Target
2022-10-21,1003,1123.0,1128,5.0,100.44523597506678,0.0,Over / On Target
2022-10-22,1003,1188.0,1151,-37.0,96.88552188552188,0.0,Under Produced
2022-10-23,1004,1759.0,1809,50.0,102.84252416145536,0.0,Over / On Target
2022-10-24,1004,881.0,921,40.0,104.54029511918274,1.0,Over / On Target
2022-10-25,1002,806.0,776,-30.0,96.27791563275434,1.0,Under Produced
2022-10-26,1003,1849.0,1929,80.0,104.32666306111412,0.0,Over / On Target
2022-10-27,1001,1869.0,1762,-107.0,94.27501337613697,1.0,Under Produced
2022-10-28,1004,252.0,241,-11.0,95.63492063492063,0.0,Under Produced
2022-10-29,1004,1231.0,1243,12.0,100.9748172217709,1.0,Over / On Target
2022-10-30,1001,2140.0,2185,45.0,102.10280373831775,0.5,Over / On Target
2022-10-31,1004,1635.0,1677,42.0,102.56880733944953,1.0,Over / On Target
2022-11-01,1002,2011.0,2109,98.0,104.87319741422179,0.5,Over / On Target
2022-11-02,1003,1010.0,1097,87.0,108.61386138613862,0.5,Over / On Target
2022-11-03,1001,871.0,877,6.0,100.68886337543054,1.0,Over / On Target
2022-11-04,1003,1557.0,1555,-2.0,99.87154784842646,0.0,Under Produced
2022-11-05,1004,1643.0,1691,48.0,102.9214850882532,2.0,Over / On Target
2022-11-06,1004,982.0,953,-29.0,97.04684317718942,1.0,Under Produced
2022-11-07,1001,141.0,142,1.0,100.70921985815602,0.5,Over / On Target
2022-11-08,1002,273.0,257,-16.0,94.13919413919413,1.0,Under Produced
2022-11-09,1005,2092.0,1995,-97.0,95.36328871892925,0.0,Under Produced
2022-11-10,1001,1561.0,1693,132.0,108.45611787315823,0.5,Over / On Target
2022-11-11,1005,121.0,125,4.0,103.30578512396693,2.0,Over / On Target
2022-11-12,1005,1799.0,1897,98.0,105.44747081712063,0.0,Over / On Target
2022-11-13,1002,853.0,846,-7.0,99.17936694021103,1.0,Under Produced
2022-11-14,1005,1360.0,1314,-46.0,96.61764705882354,0.5,Under Produced
2022-11-15,1005,315.0,300,-15.0,95.23809523809523,1.0,Under Produced
2022-11-16,1002,997.0,985,-12.0,98.79638916750251,0.0,Under Produced
2022-11-17,1005,927.0,948,21.0,102.2653721682848,0.5,Over / On Target
2022-11-18,1005,1485.0,1511,26.0,101.75084175084174,2.0,Over / On Target
2022-11-19,1005,1576.0,1653,77.0,104.88578680203047,0.0,Over / On Target
2022-11-20,1001,217.0,211,-6.0,97.23502304147466,1.0,Under Produced
2022-11-21,1001,169.0,183,14.0,108.28402366863905,0.5,Over / On Target
2022-11-22,1001,794.0,834,40.0,105.03778337531486,0.5,Over / On Target
2022-11-23,1002,839.0,850,11.0,101.31108462455305,1.0,Over / On Target
2022-11-24,1004,943.0,973,30.0,103.1813361611877,0.5,Over / On Target
2022-11-25,1005,556.0,563,7.0,101.25899280575538,0.0,Over / On Target
2022-11-26,1005,185.0,175,-10.0,94.5945945945946,2.0,Under Produced
2022-11-27,1002,1579.0,1553,-26.0,98.35338822039266,1.0,Under Produced
2022-11-28,1005,1553.0,1652,99.0,106.3747585318738,0.0,Over / On Target
2022-11-29,1001,2074.0,1954,-120.0,94.21407907425265,0.5,Under Produced
2022-11-30,1004,1838.0,1741,-97.0,94.72252448313384,1.0,Under Produced
2022-12-01,1003,935.0,857,-78.0,91.65775401069519,2.0,Under Produced
2022-12-02,1005,1398.0,1281,-117.0,91.63090128755364,2.0,Under Produced
2022-12-03,1001,1749.0,1816,67.0,103.83076043453401,2.0,Over / On Target
2022-12-04,1003,2048.0,2162,114.0,105.56640625,0.0,Over / On Target
2022-12-05,1004,1504.0,1476,-28.0,98.13829787234043,2.0,Under Produced
2022-12-06,1003,1775.0,1641,-134.0,92.45070422535211,2.0,Under Produced
2022-12-07,1001,2169.0,2199,30.0,101.38312586445366,0.5,Over / On Target
2022-12-08,1003,1163.0,1176,13.0,101.11779879621668,0.5,Over / On Target
2022-12-09,1002,1793.0,1732,-61.0,96.5978806469604,0.5,Under Produced
2022-12-10,1003,510.0,507,-3.0,99.41176470588235,1.0,Under Produced
2022-12-11,1005,639.0,645,6.0,100.93896713615023,0.0,Over / On Target
2022-12-12,1005,330.0,344,14.0,104.24242424242425,0.0,Over / On Target
2022-12-13,1002,278.0,291,13.0,104.67625899280574,0.0,Over / On Target
2022-12-14,1001,1730.0,1638,-92.0,94.6820809248555,0.5,Under Produced
2022-12-15,1005,1786.0,1797,11.0,100.61590145576709,0.0,Over / On Target
2022-12-16,1004,189.0,194,5.0,102.64550264550265,1.0,Over / On Target
2022-12-17,1005,893.0,916,23.0,102.57558790593504,0.0,Over / On Target
2022-12-18,1005,435.0,452,17.0,103.90804597701148,2.0,Over / On Target
2022-12-19,1001,1254.0,1265,11.0,100.87719298245614,2.0,Over / On Target
2022-12-20,1003,1940.0,1813,-127.0,93.45360824742268,2.0,Under Produced
2022-12-21,1005,1474.0,1386,-88.0,94.02985074626866,1.0,Under Produced
2022-12-22,1002,176.0,184,8.0,104.54545454545455,0.0,Over / On Target
2022-12-23,1003,1142.0,1078,-64.0,94.39579684763572,0.5,Under Produced
2022-12-24,1004,1913.0,1985,72.0,103.76372190277053,0.0,Over / On Target
2022-12-25,1001,155.0,163,8.0,105.16129032258064,2.0,Over / On Target
2022-12-26,1004,136.0,140,4.0,102.94117647058823,0.5,Over / On Target
2022-12-27,1003,1278.0,1276,-2.0,99.8435054773083,0.5,Under Produced
2022-12-28,1003,2119.0,2175,56.0,102.64275601698915,1.0,Over / On Target
2022-12-29,1003,253.0,248,-5.0,98.02371541501977,2.0,Under Produced
2022-12-30,1004,1783.0,1804,21.0,101.17779024116658,1.0,Over / On Target
2022-12-31,1003,1487.0,1593,106.0,107.12844653665097,1.0,Over / On Target
2023-01-01,1004,228.0,228,0.0,100.0,0.5,Over / On Target
2023-01-02,1003,298.0,320,22.0,107.38255033557047,1.0,Over / On Target
2023-01-03,1002,1714.0,1861,147.0,108.57642940490082,0.0,Over / On Target
2023-01-04,1003,1761.0,1654,-107.0,93.92390687109597,2.0,Under Produced
2023-01-05,1004,221.0,210,-11.0,95.02262443438913,0.5,Under Produced
2023-01-06,1005,1062.0,1025,-37.0,96.51600753295668,0.0,Under Produced
2023-01-07,1003,685.0,625,-60.0,91.24087591240875,2.0,Under Produced
2023-01-08,1005,411.0,392,-19.0,95.37712895377129,0.5,Under Produced
2023-01-09,1002,1910.0,1934,24.0,101.2565445026178,2.0,Over / On Target
2023-01-10,1001,1284.0,1182,-102.0,92.05607476635514,2.0,Under Produced
2023-01-11,1002,1008.0,986,-22.0,97.81746031746032,1.0,Under Produced
2023-01-12,1003,1162.0,1251,89.0,107.6592082616179,0.0,Over / On Target
2023-01-13,1005,1254.0,1196,-58.0,95.37480063795853,0.0,Under Produced
2023-01-14,1005,472.0,487,15.0,103.17796610169492,2.0,Over / On Target
2023-01-15,1004,1861.0,1772,-89.0,95.21762493283181,2.0,Under Produced
2023-01-16,1005,2141.0,2050,-91.0,95.74964969640355,0.5,Under Produced
2023-01-17,1004,1782.0,1861,79.0,104.43322109988777,0.5,Over / On Target
2023-01-18,1001,2132.0,2227,95.0,104.45590994371483,0.0,Over / On Target
2023-01-19,1003,122.0,127,5.0,104.0983606557377,2.0,Over / On Target
2023-01-20,1004,1585.0,1681,96.0,106.05678233438485,0.0,Over / On Target
2023-01-21,1001,1887.0,2020,133.0,107.04822469528352,0.0,Over / On Target
2023-01-22,1005,346.0,336,-10.0,97.10982658959537,1.0,Under Produced
2023-01-23,1005,482.0,471,-11.0,97.71784232365145,0.0,Under Produced
2023-01-24,1001,2089.0,2136,47.0,102.24988032551461,2.0,Over / On Target
2023-01-25,1005,836.0,895,59.0,107.05741626794259,0.0,Over / On Target
2023-01-26,1001,1324.0,1455,131.0,109.89425981873111,0.0,Over / On Target
2023-01-27,1004,2035.0,2039,4.0,100.1965601965602,0.5,Over / On Target
2023-01-28,1004,1769.0,1762,-7.0,99.60429621254946,0.5,Under Produced
2023-01-29,1001,520.0,555,35.0,106.73076923076923,0.0,Over / On Target
2023-01-30,1004,1182.0,1172,-10.0,99.15397631133672,0.5,Under Produced
2023-01-31,1004,890.0,961,71.0,107.97752808988763,0.5,Over / On Target
2023-02-01,1004,1455.0,1511,56.0,103.84879725085912,2.0,Over / On Target
2023-02-02,1002,1826.0,1852,26.0,101.42387732749178,0.0,Over / On Target
2023-02-03,1003,622.0,636,14.0,102.2508038585209,2.0,Over / On Target
2023-02-04,1005,1333.0,1391,58.0,104.351087771943,1.0,Over / On Target
2023-02-05,1002,1530.0,1477,-53.0,96.5359477124183,0.0,Under Produced
2023-02-06,1004,1956.0,2123,167.0,108.53783231083844,0.0,Over / On Target
2023-02-07,1001,1863.0,1892,29.0,101.55662909286099,0.5,Over / On Target
2023-02-08,1004,647.0,695,48.0,107.41885625965996,0.0,Over / On Target
2023-02-09,1003,1827.0,1805,-22.0,98.79584017515052,0.5,Under Produced
2023-02-10,1004,161.0,175,14.0,108.69565217391303,0.0,Over / On Target
2023-02-11,1001,1552.0,1534,-18.0,98.84020618556701,1.0,Under Produced
2023-02-12,1003,965.0,909,-56.0,94.19689119170984,0.5,Under Produced
2023-02-13,1004,1253.0,1361,108.0,108.61931364724661,0.0,Over / On Target
2023-02-14,1003,891.0,850,-41.0,95.39842873176207,0.5,Under Produced
2023-02-15,1005,550.0,538,-12.0,97.81818181818181,1.0,Under Produced
2023-02-16,1005,2109.0,2304,195.0,109.24608819345663,0.0,Over / On Target
2023-02-17,1004,1188.0,1250,62.0,105.21885521885521,2.0,Over / On Target
2023-02-18,1003,1330.0,1365,35.0,102.63157894736842,0.5,Over / On Target
2023-02-19,1001,384.0,386,2.0,100.52083333333333,2.0,Over / On Target
2023-02-20,1004,539.0,548,9.0,101.66975881261595,0.0,Over / On Target
2023-02-21,1005,2096.0,2000,-96.0,95.41984732824427,2.0,Under Produced
2023-02-22,1005,477.0,467,-10.0,97.9035639412998,1.0,Under Produced
2023-02-23,1004,801.0,834,33.0,104.11985018726593,0.5,Over / On Target
2023-02-24,1003,1806.0,1901,95.0,105.26024363233665,0.5,Over / On Target
2023-02-25,1005,260.0,278,18.0,106.92307692307692,0.0,Over / On Target
2023-02-26,1003,1080.0,1111,31.0,102.87037037037037,2.0,Over / On Target
2023-02-27,1005,866.0,817,-49.0,94.3418013856813,1.0,Under Produced
2023-02-28,1005,2159.0,2211,52.0,102.40852246410374,0.0,Over / On Target
2023-03-01,1002,1783.0,1709,-74.0,95.8496915311273,0.0,Under Produced
2023-03-02,1005,1019.0,1052,33.0,103.23846908734053,0.0,Over / On Target
2023-03-03,1001,909.0,906,-3.0,99.66996699669967,1.0,Under Produced
2023-03-04,1004,1760.0,1871,111.0,106.30681818181817,1.0,Over / On Target
2023-03-05,1004,762.0,756,-6.0,99.21259842519686,0.5,Under Produced
2023-03-06,1003,1481.0,1418,-63.0,95.74611748818366,0.5,Under Produced
2023-03-07,1005,1198.0,1152,-46.0,96.16026711185309,0.5,Under Produced
2023-03-08,1001,518.0,546,28.0,105.40540540540539,0.5,Over / On Target
2023-03-09,1003,1137.0,1186,49.0,104.30958663148637,0.0,Over / On Target
2023-03-10,1002,1203.0,1161,-42.0,96.50872817955111,0.0,Under Produced
2023-03-11,1003,551.0,530,-21.0,96.18874773139746,0.0,Under Produced
2023-03-12,1003,1723.0,1749,26.0,101.50899593731863,2.0,Over / On Target
2023-03-13,1005,1774.0,1669,-105.0,94.08117249154454,1.0,Under Produced
2023-03-14,1002,785.0,811,26.0,103.31210191082802,2.0,Over / On Target
2023-03-15,1003,1536.0,1607,71.0,104.62239583333333,0.5,Over / On Target
2023-03-16,1001,1814.0,1673,-141.0,92.2271223814774,2.0,Under Produced
2023-03-17,1001,1410.0,1329,-81.0,94.25531914893617,1.0,Under Produced
2023-03-18,1004,1402.0,1525,123.0,108.77318116975749,0.5,Over / On Target
2023-03-19,1002,1203.0,1210,7.0,100.58187863674148,0.0,Over / On Target
2023-03-20,1002,791.0,780,-11.0,98.60935524652339,1.0,Under Produced
2023-03-21,1004,316.0,326,10.0,103.16455696202532,2.0,Over / On Target
2023-03-22,1003,2130.0,2326,196.0,109.20187793427229,0.0,Over / On Target
2023-03-23,1002,1343.0,1474,131.0,109.75428145941922,0.0,Over / On Target
2023-03-24,1001,253.0,264,11.0,104.34782608695652,1.0,Over / On Target
2023-03-25,1001,994.0,961,-33.0,96.68008048289738,2.0,Under Produced
2023-03-26,1005,1423.0,1341,-82.0,94.23752635277583,1.0,Under Produced
2023-03-27,1002,1138.0,1214,76.0,106.67838312829525,0.0,Over / On Target
2023-03-28,1003,1194.0,1222,28.0,102.34505862646566,0.5,Over / On Target
2023-03-29,1004,310.0,311,1.0,100.32258064516128,0.5,Over / On Target
2023-03-30,1004,1190.0,1245,55.0,104.6218487394958,2.0,Over / On Target
2023-03-31,1003,509.0,482,-27.0,94.69548133595285,1.0,Under Produced
2023-04-01,1005,152.0,154,2.0,101.3157894736842,0.5,Over / On Target
2023-04-02,1004,1815.0,1727,-88.0,95.15151515151516,0.0,Under Produced
2023-04-03,1002,656.0,643,-13.0,98.01829268292683,2.0,Under Produced
2023-04-04,1005,1803.0,1692,-111.0,93.84359400998336,1.0,Under Produced
2023-04-05,1002,1619.0,1502,-117.0,92.77331686226066,2.0,Under Produced
2023-04-06,1001,1189.0,1139,-50.0,95.79478553406223,0.5,Under Produced
2023-04-07,1005,1122.0,1153,31.0,102.76292335115865,1.0,Over / On Target
2023-04-08,1004,1672.0,1742,70.0,104.1866028708134,1.0,Over / On Target
2023-04-09,1005,903.0,928,25.0,102.76854928017718,0.5,Over / On Target
2023-04-10,1005,1412.0,1489,77.0,105.45325779036827,2.0,Over / On Target
2023-04-11,1005,127.0,128,1.0,100.78740157480314,0.0,Over / On Target
2023-04-12,1005,651.0,633,-18.0,97.23502304147466,1.0,Under Produced
2023-04-13,1002,1704.0,1773,69.0,104.04929577464787,2.0,Over / On Target
2023-04-14,1001,1354.0,1318,-36.0,97.34121122599704,0.5,Under Produced
2023-04-15,1003,1092.0,1173,81.0,107.41758241758241,1.0,Over / On Target
2023-04-16,1005,1730.0,1629,-101.0,94.16184971098266,0.5,Under Produced
2023-04-17,1004,451.0,485,34.0,107.53880266075389,1.0,Over / On Target
2023-04-18,1005,922.0,845,-77.0,91.64859002169197,2.0,Under Produced
2023-04-19,1004,1422.0,1513,91.0,106.39943741209564,1.0,Over / On Target
2023-04-20,1002,710.0,717,7.0,100.98591549295774,1.0,Over / On Target
2023-04-21,1004,564.0,614,50.0,108.86524822695036,0.5,Over / On Target
2023-04-22,1003,385.0,370,-15.0,96.1038961038961,0.0,Under Produced
2023-04-23,1001,944.0,966,22.0,102.33050847457628,0.5,Over / On Target
2023-04-24,1004,2094.0,2252,158.0,107.54536771728749,1.0,Over / On Target
2023-04-25,1004,1390.0,1430,40.0,102.87769784172663,0.0,Over / On Target
2023-04-26,1001,1537.0,1575,38.0,102.47234873129474,1.0,Over / On Target
2023-04-27,1003,1693.0,1768,75.0,104.43000590667455,0.5,Over / On Target
2023-04-28,1005,1904.0,1901,-3.0,99.84243697478992,1.0,Under Produced
2023-04-29,1004,2048.0,2138,90.0,104.39453125,0.0,Over / On Target
2023-04-30,1001,1278.0,1301,23.0,101.79968701095461,1.0,Over / On Target
2023-05-01,1002,1004.0,1069,65.0,106.47410358565736,1.0,Over / On Target
2023-05-02,1001,141.0,129,-12.0,91.48936170212765,2.0,Under Produced
2023-05-03,1002,1163.0,1131,-32.0,97.24849527085124,1.0,Under Produced
2023-05-04,1003,634.0,680,46.0,107.25552050473186,1.0,Over / On Target
2023-05-05,1005,459.0,479,20.0,104.35729847494552,2.0,Over / On Target
2023-05-06,1001,378.0,377,-1.0,99.73544973544973,1.0,Under Produced
2023-05-07,1004,932.0,972,40.0,104.29184549356223,0.0,Over / On Target
2023-05-08,1003,876.0,834,-42.0,95.2054794520548,2.0,Under Produced
2023-05-09,1001,408.0,391,-17.0,95.83333333333334,1.0,Under Produced
2023-05-10,1004,1719.0,1735,16.0,100.9307737056428,0.5,Over / On Target
2023-05-11,1001,2058.0,2023,-35.0,98.29931972789116,1.0,Under Produced
2023-05-12,1002,1498.0,1494,-4.0,99.73297730307075,2.0,Under Produced
2023-05-13,1001,524.0,483,-41.0,92.17557251908397,2.0,Under Produced
2023-05-14,1001,402.0,425,23.0,105.72139303482587,2.0,Over / On Target
2023-05-15,1001,1128.0,1227,99.0,108.77659574468086,0.5,Over / On Target
2023-05-16,1003,1122.0,1172,50.0,104.45632798573976,0.5,Over / On Target
2023-05-17,1001,1630.0,1680,50.0,103.06748466257669,0.0,Over / On Target
2023-05-18,1004,483.0,481,-2.0,99.58592132505176,0.0,Under Produced
2023-05-19,1002,537.0,554,17.0,103.1657355679702,2.0,Over / On Target
2023-05-20,1002,744.0,776,32.0,104.3010752688172,0.5,Over / On Target
2023-05-21,1001,1993.0,1902,-91.0,95.43401906673357,1.0,Under Produced
2023-05-22,1003,112.0,119,7.0,106.25,1.0,Over / On Target
2023-05-23,1003,1707.0,1798,91.0,105.33099004100761,1.0,Over / On Target
2023-05-24,1004,1392.0,1521,129.0,109.26724137931035,0.0,Over / On Target
2023-05-25,1001,522.0,548,26.0,104.98084291187739,0.5,Over / On Target
2023-05-26,1002,1972.0,2035,63.0,103.1947261663286,0.5,Over / On Target
2023-05-27,1003,465.0,466,1.0,100.21505376344086,0.5,Over / On Target
2023-05-28,1001,270.0,283,13.0,104.81481481481481,2.0,Over / On Target
2023-05-29,1003,431.0,457,26.0,106.03248259860788,1.0,Over / On Target
2023-05-30,1003,1967.0,1862,-105.0,94.66192170818505,0.5,Under Produced
2023-05-31,1002,584.0,534,-50.0,91.43835616438356,2.0,Under Produced
2023-06-01,1005,884.0,881,-3.0,99.6606334841629,0.5,Under Produced
2023-06-02,1004,1153.0,1212,59.0,105.11708586296618,1.0,Over / On Target
2023-06-03,1004,752.0,826,74.0,109.84042553191489,0.0,Over / On Target
2023-06-04,1002,548.0,522,-26.0,95.25547445255475,1.0,Under Produced
2023-06-05,1003,1008.0,1037,29.0,102.87698412698411,0.5,Over / On Target
2023-06-06,1001,1614.0,1626,12.0,100.74349442379183,0.0,Over / On Target
2023-06-07,1003,1169.0,1281,112.0,109.5808383233533,0.0,Over / On Target
2023-06-08,1002,1389.0,1481,92.0,106.62347012239022,0.5,Over / On Target
2023-06-09,1004,315.0,333,18.0,105.71428571428572,1.0,Over / On Target
2023-06-10,1003,2121.0,2164,43.0,102.02734559170203,0.0,Over / On Target
2023-06-11,1004,176.0,175,-1.0,99.43181818181817,1.0,Under Produced
2023-06-12,1001,1142.0,1109,-33.0,97.11033274956216,1.0,Under Produced
2023-06-13,1004,1653.0,1551,-102.0,93.82940108892922,1.0,Under Produced
2023-06-14,1004,890.0,943,53.0,105.95505617977527,1.0,Over / On Target
2023-06-15,1005,997.0,1069,72.0,107.22166499498496,0.0,Over / On Target
2023-06-16,1005,1719.0,1874,155.0,109.01687027341478,0.5,Over / On Target
2023-06-17,1005,1586.0,1680,94.0,105.92686002522068,2.0,Over / On Target
2023-06-18,1004,1568.0,1589,21.0,101.33928571428572,1.0,Over / On Target
2023-06-19,1002,1614.0,1687,73.0,104.52292441140025,1.0,Over / On Target
2023-06-20,1004,121.0,130,9.0,107.43801652892562,1.0,Over / On Target
2023-06-21,1002,1304.0,1392,88.0,106.74846625766872,0.5,Over / On Target
2023-06-22,1002,2165.0,2094,-71.0,96.72055427251732,1.0,Under Produced
2023-06-23,1005,358.0,350,-8.0,97.76536312849163,2.0,Under Produced
2023-06-24,1003,1404.0,1361,-43.0,96.93732193732194,0.0,Under Produced
2023-06-25,1001,2017.0,2124,107.0,105.3049082796232,2.0,Over / On Target
2023-06-26,1005,729.0,759,30.0,104.11522633744856,0.0,Over / On Target
2023-06-27,1005,958.0,933,-25.0,97.39039665970772,0.5,Under Produced
2023-06-28,1003,1863.0,1883,20.0,101.07353730542137,2.0,Over / On Target
2023-06-29,1001,1878.0,1921,43.0,102.28966986155486,1.0,Over / On Target
2023-06-30,1004,1961.0,1890,-71.0,96.37939826619072,2.0,Under Produced
2023-07-01,1004,2182.0,2023,-159.0,92.71310724106324,2.0,Under Produced
2023-07-02,1005,1868.0,1944,76.0,104.06852248394006,0.5,Over / On Target
2023-07-03,1001,1576.0,1589,13.0,100.8248730964467,1.0,Over / On Target
2023-07-04,1005,1082.0,1142,60.0,105.54528650646951,0.5,Over / On Target
2023-07-05,1002,1503.0,1530,27.0,101.79640718562875,0.5,Over / On Target
2023-07-06,1005,1778.0,1899,121.0,106.80539932508437,0.5,Over / On Target
2023-07-07,1005,1638.0,1659,21.0,101.28205128205127,1.0,Over / On Target
2023-07-08,1004,1598.0,1637,39.0,102.44055068836045,0.5,Over / On Target
2023-07-09,1004,1353.0,1436,83.0,106.13451589061344,1.0,Over / On Target
2023-07-10,1004,358.0,355,-3.0,99.16201117318437,1.0,Under Produced
2023-07-11,1002,1016.0,986,-30.0,97.04724409448819,0.0,Under Produced
2023-07-12,1004,349.0,326,-23.0,93.40974212034384,1.0,Under Produced
2023-07-13,1001,1140.0,1201,61.0,105.35087719298247,0.5,Over / On Target
2023-07-14,1003,937.0,968,31.0,103.3084311632871,0.5,Over / On Target
2023-07-15,1001,666.0,690,24.0,103.60360360360362,1.0,Over / On Target
2023-07-16,1001,394.0,383,-11.0,97.20812182741116,0.5,Under Produced
2023-07-17,1004,2087.0,1942,-145.0,93.0522280785817,2.0,Under Produced
2023-07-18,1003,1804.0,1682,-122.0,93.23725055432372,1.0,Under Produced
2023-07-19,1003,2086.0,2071,-15.0,99.28092042186002,0.5,Under Produced
2023-07-20,1003,168.0,171,3.0,101.78571428571428,1.0,Over / On Target
2023-07-21,1002,1287.0,1298,11.0,100.85470085470085,0.0,Over / On Target
2023-07-22,1004,909.0,923,14.0,101.54015401540153,0.0,Over / On Target
2023-07-23,1003,867.0,941,74.0,108.53517877739331,0.0,Over / On Target
2023-07-24,1002,1808.0,1794,-14.0,99.22566371681415,0.5,Under Produced
2023-07-25,1005,1344.0,1380,36.0,102.67857142857142,0.0,Over / On Target
2023-07-26,1005,1257.0,1292,35.0,102.78440731901352,2.0,Over / On Target
2023-07-27,1002,2064.0,2063,-1.0,99.9515503875969,0.5,Under Produced
2023-07-28,1002,1866.0,1910,44.0,102.35798499464094,1.0,Over / On Target
2023-07-29,1004,1774.0,1915,141.0,107.94813979706876,0.0,Over / On Target
2023-07-30,1004,570.0,617,47.0,108.24561403508773,0.5,Over / On Target
2023-07-31,1005,868.0,835,-33.0,96.19815668202764,0.5,Under Produced
2023-08-01,1003,1044.0,1116,72.0,106.89655172413792,1.0,Over / On Target
2023-08-02,1005,177.0,179,2.0,101.12994350282484,0.5,Over / On Target
2023-08-03,1003,1395.0,1365,-30.0,97.84946236559139,0.5,Under Produced
2023-08-04,1003,346.0,349,3.0,100.86705202312139,0.5,Over / On Target
2023-08-05,1004,112.0,121,9.0,108.03571428571428,1.0,Over / On Target
2023-08-06,1001,285.0,292,7.0,102.4561403508772,0.0,Over / On Target
2023-08-07,1001,2048.0,2006,-42.0,97.94921875,1.0,Under Produced
2023-08-08,1002,968.0,1002,34.0,103.51239669421489,0.5,Over / On Target
2023-08-09,1004,1367.0,1321,-46.0,96.6349670811997,1.0,Under Produced
2023-08-10,1003,1091.0,1038,-53.0,95.14207149404217,0.5,Under Produced
2023-08-11,1001,1333.0,1279,-54.0,95.9489872468117,0.5,Under Produced
2023-08-12,1003,471.0,456,-15.0,96.81528662420382,0.0,Under Produced
2023-08-13,1001,747.0,697,-50.0,93.3065595716198,2.0,Under Produced
2023-08-14,1001,1628.0,1564,-64.0,96.06879606879608,0.5,Under Produced
2023-08-15,1001,1906.0,1918,12.0,100.62959076600211,2.0,Over / On Target
2023-08-16,1004,1529.0,1479,-50.0,96.72988881621976,0.5,Under Produced
2023-08-17,1005,1914.0,1918,4.0,100.20898641588296,0.0,Over / On Target
2023-08-18,1003,1156.0,1242,86.0,107.439446366782,0.5,Over / On Target
2023-08-19,1004,1591.0,1625,34.0,102.1370207416719,0.0,Over / On Target
2023-08-20,1004,807.0,815,8.0,100.9913258983891,2.0,Over / On Target
2023-08-21,1004,1196.0,1143,-53.0,95.5685618729097,1.0,Under Produced
2023-08-22,1004,1830.0,1755,-75.0,95.90163934426229,1.0,Under Produced
2023-08-23,1004,1949.0,1825,-124.0,93.63776295536172,1.0,Under Produced
2023-08-24,1002,1450.0,1400,-50.0,96.55172413793103,0.5,Under Produced
2023-08-25,1003,1122.0,1068,-54.0,95.18716577540107,2.0,Under Produced
2023-08-26,1004,921.0,899,-22.0,97.61129207383279,0.0,Under Produced
2023-08-27,1003,1601.0,1510,-91.0,94.316052467208,1.0,Under Produced
2023-08-28,1002,296.0,284,-12.0,95.94594594594594,0.5,Under Produced
2023-08-29,1002,682.0,668,-14.0,97.94721407624634,2.0,Under Produced
2023-08-30,1003,1745.0,1677,-68.0,96.10315186246419,1.0,Under Produced
2023-08-31,1001,153.0,148,-5.0,96.73202614379085,2.0,Under Produced
2023-09-01,1005,1826.0,1854,28.0,101.53340635268347,0.5,Over / On Target
2023-09-02,1001,1522.0,1604,82.0,105.38764783180025,0.0,Over / On Target
2023-09-03,1001,1670.0,1580,-90.0,94.61077844311377,0.5,Under Produced
2023-09-04,1001,1159.0,1217,58.0,105.00431406384814,1.0,Over / On Target
2023-09-05,1004,1484.0,1520,36.0,102.42587601078168,1.0,Over / On Target
2023-09-06,1002,1191.0,1146,-45.0,96.22166246851386,0.0,Under Produced
2023-09-07,1001,1372.0,1469,97.0,107.06997084548104,0.5,Over / On Target
2023-09-08,1002,1181.0,1285,104.0,108.8060965283658,0.0,Over / On Target
2023-09-09,1003,151.0,139,-12.0,92.05298013245033,2.0,Under Produced
2023-09-10,1005,470.0,466,-4.0,99.14893617021276,0.0,Under Produced
2023-09-11,1003,1511.0,1588,77.0,105.09596293845136,1.0,Over / On Target
2023-09-12,1003,1429.0,1518,89.0,106.22813156053184,0.0,Over / On Target
2023-09-13,1004,1898.0,1837,-61.0,96.78609062170706,0.5,Under Produced
2023-09-14,1005,1114.0,1049,-65.0,94.16517055655295,2.0,Under Produced
2023-09-15,1003,608.0,611,3.0,100.49342105263158,0.0,Over / On Target
2023-09-16,1003,150.0,153,3.0,102.0,0.0,Over / On Target
2023-09-17,1005,1583.0,1651,68.0,104.29564118761844,0.0,Over / On Target
2023-09-18,1005,1992.0,1983,-9.0,99.54819277108435,0.5,Under Produced
2023-09-19,1003,1179.0,1178,-1.0,99.91518235793045,1.0,Under Produced
2023-09-20,1005,985.0,1036,51.0,105.17766497461929,0.5,Over / On Target
2023-09-21,1003,1179.0,1103,-76.0,93.55385920271416,1.0,Under Produced
2023-09-22,1003,761.0,752,-9.0,98.8173455978975,0.0,Under Produced
2023-09-23,1004,1361.0,1384,23.0,101.68993387215284,2.0,Over / On Target
2023-09-24,1001,1279.0,1361,82.0,106.41125879593432,1.0,Over / On Target
2023-09-25,1003,1566.0,1545,-21.0,98.65900383141762,2.0,Under Produced
2023-09-26,1002,355.0,351,-4.0,98.87323943661971,2.0,Under Produced
2023-09-27,1001,459.0,439,-20.0,95.64270152505446,0.5,Under Produced
2023-09-28,1001,493.0,497,4.0,100.81135902636917,0.5,Over / On Target
2023-09-29,1001,235.0,237,2.0,100.85106382978724,1.0,Over / On Target
2023-09-30,1004,877.0,865,-12.0,98.63169897377423,0.0,Under Produced
2023-10-01,1003,1591.0,1560,-31.0,98.05153991200503,0.5,Under Produced
2023-10-02,1004,1860.0,1872,12.0,100.64516129032258,0.0,Over / On Target
2023-10-03,1003,1279.0,1206,-73.0,94.29241594996091,0.5,Under Produced
2023-10-04,1004,2188.0,2162,-26.0,98.81170018281536,0.5,Under Produced
2023-10-05,1004,153.0,150,-3.0,98.0392156862745,0.0,Under Produced
2023-10-06,1002,2180.0,2178,-2.0,99.90825688073394,0.0,Under Produced
2023-10-07,1004,2059.0,1952,-107.0,94.80330257406509,1.0,Under Produced
2023-10-08,1005,1553.0,1683,130.0,108.37089504185447,0.0,Over / On Target
2023-10-09,1002,1524.0,1523,-1.0,99.93438320209974,2.0,Under Produced
2023-10-10,1004,346.0,364,18.0,105.20231213872833,0.0,Over / On Target
2023-10-11,1001,1397.0,1465,68.0,104.86757337151037,1.0,Over / On Target
2023-10-12,1005,479.0,486,7.0,101.46137787056368,0.5,Over / On Target
2023-10-13,1005,1420.0,1368,-52.0,96.3380281690141,0.0,Under Produced
2023-10-14,1005,210.0,214,4.0,101.9047619047619,0.5,Over / On Target
2023-10-15,1002,497.0,511,14.0,102.8169014084507,0.5,Over / On Target
2023-10-16,1004,737.0,753,16.0,102.17096336499321,2.0,Over / On Target
2023-10-17,1004,1863.0,1853,-10.0,99.46323134728931,1.0,Under Produced
2023-10-18,1001,1007.0,976,-31.0,96.92154915590864,0.0,Under Produced
2023-10-19,1001,1984.0,1969,-15.0,99.24395161290323,0.0,Under Produced
2023-10-20,1005,968.0,963,-5.0,99.48347107438018,0.5,Under Produced
2023-10-21,1001,508.0,532,24.0,104.72440944881889,0.0,Over / On Target
2023-10-22,1002,722.0,740,18.0,102.49307479224376,0.5,Over / On Target
2023-10-23,1004,1615.0,1556,-59.0,96.3467492260062,2.0,Under Produced
2023-10-24,1005,1998.0,2174,176.0,108.8088088088088,0.5,Over / On Target
2023-10-25,1001,1422.0,1452,30.0,102.1097046413502,1.0,Over / On Target
2023-10-26,1002,501.0,484,-17.0,96.6067864271457,1.0,Under Produced
2023-10-27,1002,319.0,302,-17.0,94.67084639498434,1.0,Under Produced
2023-10-28,1001,1969.0,1916,-53.0,97.3082783138649,0.0,Under Produced
2023-10-29,1004,573.0,554,-19.0,96.68411867364746,1.0,Under Produced
2023-10-30,1001,879.0,821,-58.0,93.40159271899886,2.0,Under Produced
2023-10-31,1005,117.0,114,-3.0,97.43589743589743,0.0,Under Produced
2023-11-01,1001,255.0,251,-4.0,98.4313725490196,0.5,Under Produced
2023-11-02,1002,2057.0,1925,-132.0,93.58288770053476,2.0,Under Produced
2023-11-03,1001,722.0,769,47.0,106.50969529085872,1.0,Over / On Target
2023-11-04,1004,1018.0,979,-39.0,96.16895874263261,0.0,Under Produced
2023-11-05,1003,946.0,964,18.0,101.90274841437632,0.5,Over / On Target
2023-11-06,1001,1269.0,1271,2.0,100.15760441292356,0.5,Over / On Target
2023-11-07,1004,697.0,758,61.0,108.75179340028693,0.5,Over / On Target
2023-11-08,1004,578.0,553,-25.0,95.67474048442907,0.5,Under Produced
2023-11-09,1002,1669.0,1685,16.0,100.95865787896945,0.0,Over / On Target
2023-11-10,1004,848.0,912,64.0,107.54716981132076,1.0,Over / On Target
2023-11-11,1004,508.0,538,30.0,105.90551181102362,1.0,Over / On Target
2023-11-12,1004,1716.0,1772,56.0,103.26340326340326,2.0,Over / On Target
2023-11-13,1004,1972.0,1950,-22.0,98.88438133874239,0.0,Under Produced
2023-11-14,1005,1841.0,1759,-82.0,95.5458989679522,1.0,Under Produced
2023-11-15,1005,199.0,209,10.0,105.0251256281407,0.0,Over / On Target
2023-11-16,1002,501.0,541,40.0,107.98403193612774,0.5,Over / On Target
2023-11-17,1001,1519.0,1509,-10.0,99.34167215273206,2.0,Under Produced
2023-11-18,1004,2025.0,2077,52.0,102.5679012345679,0.5,Over / On Target
2023-11-19,1001,757.0,751,-6.0,99.20739762219286,0.0,Under Produced
2023-11-20,1001,1812.0,1931,119.0,106.5673289183223,0.0,Over / On Target
2023-11-21,1002,433.0,419,-14.0,96.76674364896074,0.5,Under Produced
2023-11-22,1004,1482.0,1450,-32.0,97.84075573549258,1.0,Under Produced
2023-11-23,1004,1813.0,1766,-47.0,97.40761169332598,2.0,Under Produced
2023-11-24,1003,1286.0,1294,8.0,100.62208398133747,1.0,Over / On Target
2023-11-25,1001,1969.0,1863,-106.0,94.6165566277298,2.0,Under Produced
2023-11-26,1001,1360.0,1288,-72.0,94.70588235294117,1.0,Under Produced
2023-11-27,1005,1492.0,1494,2.0,100.13404825737264,2.0,Over / On Target
2023-11-28,1003,128.0,127,-1.0,99.21875,0.0,Under Produced
2023-11-29,1005,505.0,504,-1.0,99.8019801980198,2.0,Under Produced
2023-11-30,1005,1481.0,1426,-55.0,96.2862930452397,0.5,Under Produced
2023-12-01,1005,1062.0,1043,-19.0,98.21092278719398,2.0,Under Produced
2023-12-02,1002,879.0,905,26.0,102.95790671217293,0.0,Over / On Target
2023-12-03,1002,602.0,565,-37.0,93.85382059800665,1.0,Under Produced
2023-12-04,1005,1050.0,1030,-20.0,98.09523809523809,1.0,Under Produced
2023-12-05,1003,510.0,474,-36.0,92.94117647058823,2.0,Under Produced
2023-12-06,1001,851.0,800,-51.0,94.00705052878966,1.0,Under Produced
2023-12-07,1003,1218.0,1326,108.0,108.86699507389162,0.5,Over / On Target
2023-12-08,1004,1594.0,1575,-19.0,98.80803011292346,0.5,Under Produced
2023-12-09,1002,623.0,661,38.0,106.09951845906902,0.5,Over / On Target
2023-12-10,1001,564.0,557,-7.0,98.75886524822694,0.0,Under Produced
2023-12-11,1001,1736.0,1827,91.0,105.24193548387098,0.0,Over / On Target
2023-12-12,1004,754.0,802,48.0,106.36604774535809,0.0,Over / On Target
2023-12-13,1004,1492.0,1536,44.0,102.94906166219839,0.5,Over / On Target
2023-12-14,1005,1482.0,1453,-29.0,98.04318488529015,2.0,Under Produced
2023-12-15,1002,1202.0,1168,-34.0,97.17138103161398,2.0,Under Produced
2023-12-16,1002,2149.0,2154,5.0,100.23266635644485,0.0,Over / On Target
2023-12-17,1003,1689.0,1840,151.0,108.94020130254589,0.0,Over / On Target
2023-12-18,1005,738.0,793,55.0,107.45257452574526,0.0,Over / On Target
2023-12-19,1005,477.0,522,45.0,109.43396226415094,0.0,Over / On Target
2023-12-20,1005,1480.0,1434,-46.0,96.89189189189189,0.0,Under Produced
2023-12-21,1005,150.0,157,7.0,104.66666666666666,0.5,Over / On Target
2023-12-22,1002,1197.0,1294,97.0,108.10359231411863,0.5,Over / On Target
2023-12-23,1002,415.0,401,-14.0,96.62650602409639,0.5,Under Produced
2023-12-24,1005,1451.0,1378,-73.0,94.96898690558236,0.5,Under Produced
2023-12-25,1003,1116.0,1173,57.0,105.10752688172043,0.5,Over / On Target
2023-12-26,1001,2186.0,2221,35.0,101.60109789569991,1.0,Over / On Target
2023-12-27,1001,641.0,677,36.0,105.61622464898596,1.0,Over / On Target
2023-12-28,1003,1502.0,1443,-59.0,96.07190412782957,0.5,Under Produced
2023-12-29,1005,1592.0,1702,110.0,106.90954773869348,0.0,Over / On Target
2023-12-30,1002,913.0,895,-18.0,98.02847754654984,0.0,Under Produced
2023-12-31,1001,320.0,312,-8.0,97.5,0.0,Under Produced
2024-01-01,1004,1254.0,1210,-44.0,96.49122807017544,0.5,Under Produced
2024-01-02,1004,685.0,734,49.0,107.15328467153284,0.0,Over / On Target
2024-01-03,1003,1119.0,1164,45.0,104.02144772117963,0.5,Over / On Target
2024-01-04,1005,550.0,566,16.0,102.9090909090909,0.0,Over / On Target
2024-01-05,1001,1084.0,1066,-18.0,98.33948339483395,1.0,Under Produced
2024-01-06,1005,884.0,956,72.0,108.1447963800905,0.0,Over / On Target
2024-01-07,1001,133.0,133,0.0,100.0,0.5,Over / On Target
2024-01-08,1003,630.0,676,46.0,107.3015873015873,0.0,Over / On Target
2024-01-09,1003,1367.0,1389,22.0,101.60936356986102,0.0,Over / On Target
2024-01-10,1004,340.0,329,-11.0,96.76470588235294,2.0,Under Produced
2024-01-11,1005,446.0,446,0.0,100.0,1.0,Over / On Target
2024-01-12,1004,1532.0,1525,-7.0,99.54308093994779,0.0,Under Produced
2024-01-13,1005,883.0,920,37.0,104.19026047565119,1.0,Over / On Target
2024-01-14,1004,865.0,870,5.0,100.57803468208093,1.0,Over / On Target
2024-01-15,1002,422.0,411,-11.0,97.39336492890996,0.5,Under Produced
2024-01-16,1002,897.0,964,67.0,107.46934225195095,0.5,Over / On Target
2024-01-17,1002,1979.0,1915,-64.0,96.76604345629104,2.0,Under Produced
2024-01-18,1002,948.0,978,30.0,103.16455696202532,0.0,Over / On Target
2024-01-19,1001,1485.0,1598,113.0,107.6094276094276,0.5,Over / On Target
2024-01-20,1002,1152.0,1191,39.0,103.38541666666667,0.5,Over / On Target
2024-01-21,1003,528.0,500,-28.0,94.6969696969697,1.0,Under Produced
2024-01-22,1003,615.0,646,31.0,105.04065040650406,2.0,Over / On Target
2024-01-23,1001,1243.0,1273,30.0,102.41351568785197,1.0,Over / On Target
2024-01-24,1002,141.0,138,-3.0,97.87234042553192,1.0,Under Produced
2024-01-25,1002,1107.0,1030,-77.0,93.04426377597109,2.0,Under Produced
2024-01-26,1002,1272.0,1334,62.0,104.87421383647799,1.0,Over / On Target
2024-01-27,1004,1946.0,1991,45.0,102.31243576567317,1.0,Over / On Target
2024-01-28,1005,1076.0,1065,-11.0,98.97769516728626,2.0,Under Produced
2024-01-29,1004,196.0,212,16.0,108.16326530612245,0.0,Over / On Target
2024-01-30,1005,1151.0,1207,56.0,104.86533449174631,1.0,Over / On Target
2024-01-31,1002,614.0,585,-29.0,95.27687296416939,1.0,Under Produced
2024-02-01,1002,736.0,704,-32.0,95.65217391304348,2.0,Under Produced
2024-02-02,1004,1827.0,1731,-96.0,94.7454844006568,2.0,Under Produced
2024-02-03,1004,1766.0,1839,73.0,104.13363533408832,1.0,Over / On Target
2024-02-04,1005,1708.0,1563,-145.0,91.51053864168618,2.0,Under Produced
2024-02-05,1003,921.0,944,23.0,102.49728555917481,0.5,Over / On Target
2024-02-06,1005,1549.0,1649,100.0,106.4557779212395,0.0,Over / On Target
2024-02-07,1004,676.0,731,55.0,108.1360946745562,0.0,Over / On Target
2024-02-08,1004,1344.0,1332,-12.0,99.10714285714286,0.5,Under Produced
2024-02-09,1001,546.0,581,35.0,106.41025641025641,0.5,Over / On Target
2024-02-10,1004,1773.0,1696,-77.0,95.65707839819515,0.5,Under Produced
2024-02-11,1001,152.0,162,10.0,106.57894736842107,0.5,Over / On Target
2024-02-12,1003,1533.0,1424,-109.0,92.8897586431833,2.0,Under Produced
2024-02-13,1005,1085.0,1085,0.0,100.0,0.5,Over / On Target
2024-02-14,1005,986.0,1015,29.0,102.94117647058823,2.0,Over / On Target
2024-02-15,1001,282.0,263,-19.0,93.26241134751773,2.0,Under Produced
2024-02-16,1005,1318.0,1284,-34.0,97.42033383915023,0.5,Under Produced
2024-02-17,1004,1081.0,1133,52.0,104.81036077705828,0.5,Over / On Target
2024-02-18,1002,2115.0,2195,80.0,103.7825059101655,1.0,Over / On Target
2024-02-19,1001,1378.0,1414,36.0,102.61248185776488,1.0,Over / On Target
2024-02-20,1005,1991.0,2079,88.0,104.41988950276244,0.5,Over / On Target
2024-02-21,1001,1180.0,1217,37.0,103.13559322033899,0.0,Over / On Target
2024-02-22,1001,1328.0,1312,-16.0,98.79518072289156,0.0,Under Produced
2024-02-23,1002,1260.0,1262,2.0,100.15873015873015,0.0,Over / On Target
2024-02-24,1004,1740.0,1700,-40.0,97.70114942528735,0.0,Under Produced
2024-02-25,1001,1828.0,1986,158.0,108.64332603938732,0.0,Over / On Target
2024-02-26,1005,2013.0,2048,35.0,101.73869846000994,1.0,Over / On Target
2024-02-27,1003,1043.0,1012,-31.0,97.02780441035475,2.0,Under Produced
2024-02-28,1001,1656.0,1655,-1.0,99.93961352657004,1.0,Under Produced
2024-02-29,1001,932.0,981,49.0,105.25751072961373,2.0,Over / On Target
2024-03-01,1002,1719.0,1638,-81.0,95.28795811518324,1.0,Under Produced
2024-03-02,1004,1900.0,1934,34.0,101.78947368421052,1.0,Over / On Target
2024-03-03,1003,1197.0,1216,19.0,101.58730158730158,0.5,Over / On Target
2024-03-04,1005,132.0,136,4.0,103.03030303030303,0.5,Over / On Target
2024-03-05,1003,442.0,412,-30.0,93.21266968325791,1.0,Under Produced
2024-03-06,1005,1065.0,1108,43.0,104.03755868544602,2.0,Over / On Target
2024-03-07,1004,201.0,217,16.0,107.96019900497514,0.5,Over / On Target
2024-03-08,1005,2087.0,2160,73.0,103.49784379492093,0.0,Over / On Target
2024-03-09,1002,1960.0,2028,68.0,103.46938775510203,1.0,Over / On Target
2024-03-10,1002,1734.0,1887,153.0,108.8235294117647,0.0,Over / On Target
2024-03-11,1002,1661.0,1754,93.0,105.59903672486455,0.0,Over / On Target
2024-03-12,1002,1793.0,1709,-84.0,95.31511433351925,1.0,Under Produced
2024-03-13,1003,1518.0,1558,40.0,102.63504611330698,0.5,Over / On Target
2024-03-14,1004,736.0,751,15.0,102.03804347826086,1.0,Over / On Target
2024-03-15,1005,1136.0,1106,-30.0,97.35915492957746,2.0,Under Produced
2024-03-16,1005,1815.0,1907,92.0,105.06887052341598,0.5,Over / On Target
2024-03-17,1002,1414.0,1527,113.0,107.99151343705799,0.5,Over / On Target
2024-03-18,1002,1415.0,1541,126.0,108.90459363957596,0.0,Over / On Target
2024-03-19,1001,2150.0,2166,16.0,100.74418604651163,0.5,Over / On Target
2024-03-20,1004,1219.0,1154,-65.0,94.66776045939295,1.0,Under Produced
2024-03-21,1003,981.0,1067,86.0,108.76656472986748,0.5,Over / On Target
2024-03-22,1005,980.0,1054,74.0,107.55102040816327,0.0,Over / On Target
2024-03-23,1001,1812.0,1755,-57.0,96.8543046357616,0.0,Under Produced
2024-03-24,1001,2100.0,2264,164.0,107.8095238095238,0.5,Over / On Target
2024-03-25,1005,1533.0,1641,108.0,107.04500978473581,0.5,Over / On Target
2024-03-26,1003,650.0,655,5.0,100.76923076923077,1.0,Over / On Target
2024-03-27,1001,338.0,348,10.0,102.9585798816568,0.5,Over / On Target
2024-03-28,1001,1828.0,1846,18.0,100.98468271334792,0.0,Over / On Target
2024-03-29,1004,1878.0,1781,-97.0,94.83493077742278,0.5,Under Produced
2024-03-30,1003,1301.0,1249,-52.0,96.00307455803228,2.0,Under Produced
2024-03-31,1001,582.0,623,41.0,107.0446735395189,0.0,Over / On Target
2024-04-01,1003,1192.0,1109,-83.0,93.03691275167785,1.0,Under Produced
2024-04-02,1005,1958.0,1938,-20.0,98.97854954034729,0.5,Under Produced
2024-04-03,1002,1901.0,1881,-20.0,98.94792214623882,1.0,Under Produced
2024-04-04,1001,1575.0,1623,48.0,103.04761904761905,0.0,Over / On Target
2024-04-05,1004,681.0,714,33.0,104.84581497797356,2.0,Over / On Target
2024-04-06,1005,759.0,745,-14.0,98.15546772068511,1.0,Under Produced
2024-04-07,1003,1265.0,1242,-23.0,98.18181818181819,1.0,Under Produced
2024-04-08,1005,1990.0,2111,121.0,106.08040201005025,0.0,Over / On Target
2024-04-09,1001,1854.0,1850,-4.0,99.78425026968716,1.0,Under Produced
2024-04-10,1003,328.0,316,-12.0,96.34146341463415,1.0,Under Produced
2024-04-11,1002,535.0,539,4.0,100.74766355140187,0.5,Over / On Target
2024-04-12,1005,493.0,474,-19.0,96.14604462474645,0.5,Under Produced
2024-04-13,1001,1165.0,1114,-51.0,95.62231759656652,1.0,Under Produced
2024-04-14,1004,871.0,893,22.0,102.52583237657863,0.0,Over / On Target
2024-04-15,1003,1825.0,1812,-13.0,99.28767123287672,1.0,Under Produced
2024-04-16,1005,2146.0,2333,187.0,108.7138863000932,0.0,Over / On Target
2024-04-17,1005,525.0,527,2.0,100.38095238095237,0.0,Over / On Target
2024-04-18,1002,1098.0,1117,19.0,101.73041894353369,1.0,Over / On Target
2024-04-19,1002,1116.0,1166,50.0,104.48028673835125,0.0,Over / On Target
2024-04-20,1004,1849.0,1686,-163.0,91.18442401297999,2.0,Under Produced
2024-04-21,1004,689.0,696,7.0,101.01596516690856,2.0,Over / On Target
2024-04-22,1001,1404.0,1343,-61.0,95.65527065527066,1.0,Under Produced
2024-04-23,1001,916.0,984,68.0,107.4235807860262,1.0,Over / On Target
2024-04-24,1004,336.0,313,-23.0,93.15476190476191,2.0,Under Produced
2024-04-25,1004,609.0,616,7.0,101.14942528735634,0.0,Over / On Target
2024-04-26,1003,1536.0,1448,-88.0,94.27083333333334,1.0,Under Produced
2024-04-27,1002,1495.0,1644,149.0,109.9665551839465,0.0,Over / On Target
2024-04-28,1001,2172.0,2205,33.0,101.51933701657458,0.5,Over / On Target
2024-04-29,1002,2049.0,2109,60.0,102.92825768667642,0.5,Over / On Target
2024-04-30,1002,682.0,641,-41.0,93.98826979472142,1.0,Under Produced
2024-05-01,1004,1981.0,2105,124.0,106.25946491670872,0.0,Over / On Target
2024-05-02,1003,1228.0,1205,-23.0,98.1270358306189,0.0,Under Produced
2024-05-03,1005,1160.0,1235,75.0,106.46551724137932,1.0,Over / On Target
2024-05-04,1003,2149.0,2086,-63.0,97.06840390879479,0.5,Under Produced
2024-05-05,1003,908.0,870,-38.0,95.81497797356829,1.0,Under Produced
2024-05-06,1002,1224.0,1145,-79.0,93.54575163398692,1.0,Under Produced
2024-05-07,1003,660.0,674,14.0,102.12121212121212,0.0,Over / On Target
2024-05-08,1001,238.0,246,8.0,103.36134453781514,0.0,Over / On Target
2024-05-09,1002,534.0,502,-32.0,94.00749063670412,1.0,Under Produced
2024-05-10,1001,1614.0,1705,91.0,105.63816604708798,0.5,Over / On Target
2024-05-11,1005,751.0,765,14.0,101.8641810918775,0.0,Over / On Target
2024-05-12,1002,543.0,553,10.0,101.84162062615101,0.5,Over / On Target
2024-05-13,1005,1306.0,1314,8.0,100.6125574272588,0.5,Over / On Target
2024-05-14,1002,2024.0,2044,20.0,100.98814229249011,0.0,Over / On Target
2024-05-15,1004,902.0,924,22.0,102.4390243902439,0.5,Over / On Target
2024-05-16,1003,188.0,179,-9.0,95.2127659574468,1.0,Under Produced
2024-05-17,1004,2103.0,2034,-69.0,96.71897289586305,0.5,Under Produced
2024-05-18,1005,410.0,434,24.0,105.85365853658537,1.0,Over / On Target
2024-05-19,1003,1587.0,1733,146.0,109.1997479521109,0.0,Over / On Target
2024-05-20,1002,481.0,479,-2.0,99.58419958419958,0.5,Under Produced
2024-05-21,1003,1638.0,1590,-48.0,97.06959706959707,1.0,Under Produced
2024-05-22,1001,1780.0,1827,47.0,102.64044943820225,1.0,Over / On Target
2024-05-23,1003,777.0,770,-7.0,99.09909909909909,1.0,Under Produced
2024-05-24,1001,292.0,273,-19.0,93.4931506849315,1.0,Under Produced
2024-05-25,1003,1834.0,1749,-85.0,95.36532170119956,1.0,Under Produced
2024-05-26,1001,121.0,128,7.0,105.78512396694215,0.0,Over / On Target
2024-05-27,1005,1566.0,1611,45.0,102.87356321839081,1.0,Over / On Target
2024-05-28,1004,911.0,851,-60.0,93.41383095499451,1.0,Under Produced
2024-05-29,1002,990.0,934,-56.0,94.34343434343434,2.0,Under Produced
2024-05-30,1003,221.0,213,-8.0,96.38009049773756,1.0,Under Produced
2024-05-31,1004,1703.0,1755,52.0,103.05343511450383,1.0,Over / On Target
2024-06-01,1002,1667.0,1572,-95.0,94.30113977204559,0.5,Under Produced
2024-06-02,1002,966.0,894,-72.0,92.54658385093167,2.0,Under Produced
2024-06-03,1001,344.0,354,10.0,102.90697674418605,2.0,Over / On Target
2024-06-04,1005,1995.0,1909,-86.0,95.68922305764411,1.0,Under Produced
2024-06-05,1005,1332.0,1369,37.0,102.77777777777777,1.0,Over / On Target
2024-06-06,1004,1844.0,1818,-26.0,98.59002169197397,0.0,Under Produced
2024-06-07,1005,550.0,520,-30.0,94.54545454545455,1.0,Under Produced
2024-06-08,1003,756.0,731,-25.0,96.6931216931217,1.0,Under Produced
2024-06-09,1005,1087.0,1129,42.0,103.86384544618214,1.0,Over / On Target
2024-06-10,1004,1286.0,1387,101.0,107.8538102643857,0.0,Over / On Target
2024-06-11,1005,1975.0,2083,108.0,105.46835443037975,1.0,Over / On Target
2024-06-12,1003,1745.0,1762,17.0,100.97421203438395,0.0,Over / On Target
2024-06-13,1001,760.0,783,23.0,103.02631578947367,1.0,Over / On Target
2024-06-14,1004,1576.0,1546,-30.0,98.09644670050761,0.0,Under Produced
2024-06-15,1001,1330.0,1295,-35.0,97.36842105263158,1.0,Under Produced
2024-06-16,1001,210.0,228,18.0,108.57142857142857,0.0,Over / On Target
2024-06-17,1001,1961.0,1867,-94.0,95.20652728199897,0.0,Under Produced
2024-06-18,1002,849.0,800,-49.0,94.22850412249706,1.0,Under Produced
2024-06-19,1002,894.0,877,-17.0,98.09843400447427,0.0,Under Produced
2024-06-20,1001,1138.0,1063,-75.0,93.40949033391915,1.0,Under Produced
2024-06-21,1004,375.0,351,-24.0,93.60000000000001,2.0,Under Produced
2024-06-22,1003,2187.0,2181,-6.0,99.72565157750343,2.0,Under Produced
2024-06-23,1003,111.0,112,1.0,100.9009009009009,0.0,Over / On Target
2024-06-24,1005,356.0,379,23.0,106.46067415730339,1.0,Over / On Target
2024-06-25,1004,990.0,1052,62.0,106.26262626262626,0.5,Over / On Target
2024-06-26,1002,2055.0,1975,-80.0,96.10705596107056,2.0,Under Produced
2024-06-27,1001,757.0,733,-24.0,96.82959048877147,1.0,Under Produced
2024-06-28,1005,237.0,239,2.0,100.84388185654008,0.0,Over / On Target
2024-06-29,1003,1968.0,2024,56.0,102.84552845528457,0.5,Over / On Target
2024-06-30,1002,1119.0,1097,-22.0,98.03395889186774,0.5,Under Produced
2024-07-01,1002,1349.0,1381,32.0,102.37212750185323,1.0,Over / On Target
2024-07-02,1001,322.0,322,0.0,100.0,0.5,Over / On Target
2024-07-03,1003,1418.0,1436,18.0,101.26939351198871,1.0,Over / On Target
2024-07-04,1004,1067.0,1062,-5.0,99.53139643861293,1.0,Under Produced
2024-07-05,1002,208.0,198,-10.0,95.1923076923077,2.0,Under Produced
2024-07-06,1001,1990.0,2094,104.0,105.22613065326634,2.0,Over / On Target
2024-07-07,1004,243.0,256,13.0,105.34979423868313,0.5,Over / On Target
2024-07-08,1003,266.0,253,-13.0,95.11278195488721,1.0,Under Produced
2024-07-09,1002,1202.0,1274,72.0,105.9900166389351,1.0,Over / On Target
2024-07-10,1004,226.0,222,-4.0,98.23008849557522,2.0,Under Produced
2024-07-11,1004,1085.0,1176,91.0,108.38709677419357,0.0,Over / On Target
2024-07-12,1004,580.0,615,35.0,106.03448275862068,0.5,Over / On Target
2024-07-13,1002,1571.0,1577,6.0,100.38192234245705,0.5,Over / On Target
2024-07-14,1002,2194.0,2070,-124.0,94.3482224247949,0.5,Under Produced
2024-07-15,1005,458.0,454,-4.0,99.12663755458514,0.0,Under Produced
2024-07-16,1003,807.0,824,17.0,102.10656753407683,0.5,Over / On Target
2024-07-17,1001,119.0,122,3.0,102.52100840336134,1.0,Over / On Target
2024-07-18,1004,960.0,940,-20.0,97.91666666666666,0.5,Under Produced
2024-07-19,1005,1316.0,1251,-65.0,95.06079027355622,1.0,Under Produced
2024-07-20,1001,1630.0,1753,123.0,107.54601226993866,0.0,Over / On Target
2024-07-21,1005,354.0,374,20.0,105.64971751412429,2.0,Over / On Target
2024-07-22,1002,1693.0,1674,-19.0,98.87773183697578,2.0,Under Produced
2024-07-23,1004,717.0,685,-32.0,95.53695955369595,1.0,Under Produced
2024-07-24,1001,1642.0,1561,-81.0,95.06699147381242,2.0,Under Produced
2024-07-25,1001,897.0,855,-42.0,95.31772575250837,0.0,Under Produced
2024-07-26,1001,1526.0,1628,102.0,106.68414154652687,1.0,Over / On Target
2024-07-27,1001,2159.0,2089,-70.0,96.75775822139879,0.0,Under Produced
2024-07-28,1001,1994.0,2047,53.0,102.6579739217653,0.5,Over / On Target
2024-07-29,1005,2181.0,2140,-41.0,98.12012838147639,0.5,Under Produced
2024-07-30,1004,1585.0,1622,37.0,102.33438485804416,0.5,Over / On Target
2024-07-31,1002,1328.0,1378,50.0,103.76506024096386,0.5,Over / On Target
2024-08-01,1002,1585.0,1671,86.0,105.42586750788642,1.0,Over / On Target
2024-08-02,1002,231.0,224,-7.0,96.96969696969697,0.5,Under Produced
2024-08-03,1002,385.0,351,-34.0,91.16883116883116,2.0,Under Produced
2024-08-04,1005,530.0,504,-26.0,95.09433962264151,1.0,Under Produced
2024-08-05,1003,117.0,127,10.0,108.54700854700855,0.0,Over / On Target
2024-08-06,1004,614.0,658,44.0,107.16612377850163,0.5,Over / On Target
2024-08-07,1001,1328.0,1354,26.0,101.95783132530121,1.0,Over / On Target
2024-08-08,1003,338.0,348,10.0,102.9585798816568,0.5,Over / On Target
2024-08-09,1002,1099.0,1143,44.0,104.00363967242947,0.5,Over / On Target
2024-08-10,1003,1664.0,1591,-73.0,95.61298076923077,1.0,Under Produced
2024-08-11,1004,1581.0,1703,122.0,107.71663504111322,0.5,Over / On Target
2024-08-12,1001,133.0,135,2.0,101.50375939849626,0.0,Over / On Target
2024-08-13,1001,560.0,559,-1.0,99.82142857142857,0.5,Under Produced
2024-08-14,1004,1093.0,1123,30.0,102.74473924977127,0.0,Over / On Target
2024-08-15,1004,675.0,646,-29.0,95.7037037037037,0.0,Under Produced
2024-08-16,1002,1375.0,1341,-34.0,97.52727272727273,0.0,Under Produced
2024-08-17,1001,999.0,1050,51.0,105.10510510510511,0.5,Over / On Target
2024-08-18,1003,2005.0,1910,-95.0,95.26184538653366,0.5,Under Produced
2024-08-19,1005,1070.0,1071,1.0,100.09345794392523,2.0,Over / On Target
2024-08-20,1005,124.0,121,-3.0,97.58064516129032,0.5,Under Produced
2024-08-21,1004,1177.0,1163,-14.0,98.81053525913339,1.0,Under Produced
2024-08-22,1002,1185.0,1177,-8.0,99.32489451476793,0.0,Under Produced
2024-08-23,1005,1224.0,1228,4.0,100.32679738562092,0.0,Over / On Target
2024-08-24,1001,1248.0,1295,47.0,103.76602564102564,1.0,Over / On Target
2024-08-25,1004,205.0,200,-5.0,97.5609756097561,1.0,Under Produced
2024-08-26,1003,1812.0,1875,63.0,103.47682119205297,0.0,Over / On Target
2024-08-27,1004,1109.0,1122,13.0,101.17222723174031,0.5,Over / On Target
2024-08-28,1003,1826.0,1898,72.0,103.94304490690034,0.5,Over / On Target
2024-08-29,1004,1566.0,1676,110.0,107.0242656449553,1.0,Over / On Target
2024-08-30,1004,1503.0,1593,90.0,105.98802395209582,0.0,Over / On Target
2024-08-31,1004,243.0,236,-7.0,97.11934156378601,0.5,Under Produced
2024-09-01,1003,1397.0,1306,-91.0,93.48604151753757,1.0,Under Produced
2024-09-02,1003,1859.0,1765,-94.0,94.9435180204411,2.0,Under Produced
2024-09-03,1004,934.0,952,18.0,101.9271948608137,1.0,Over / On Target
2024-09-04,1005,1627.0,1558,-69.0,95.75906576521204,0.0,Under Produced
2024-09-05,1002,862.0,866,4.0,100.46403712296983,1.0,Over / On Target
2024-09-06,1002,2042.0,2082,40.0,101.9588638589618,1.0,Over / On Target
2024-09-07,1002,1929.0,1891,-38.0,98.0300673924313,1.0,Under Produced
2024-09-08,1003,449.0,469,20.0,104.4543429844098,1.0,Over / On Target
2024-09-09,1003,873.0,808,-65.0,92.55441008018327,2.0,Under Produced
2024-09-10,1005,426.0,410,-16.0,96.24413145539906,0.0,Under Produced
2024-09-11,1002,447.0,473,26.0,105.8165548098434,0.0,Over / On Target
2024-09-12,1002,2128.0,2137,9.0,100.42293233082707,1.0,Over / On Target
2024-09-13,1004,1889.0,1990,101.0,105.3467443091583,0.0,Over / On Target
2024-09-14,1003,1114.0,1131,17.0,101.52603231597845,0.0,Over / On Target
2024-09-15,1002,2031.0,1984,-47.0,97.68586903003447,0.5,Under Produced
2024-09-16,1005,837.0,881,44.0,105.2568697729988,1.0,Over / On Target
2024-09-17,1005,713.0,763,50.0,107.01262272089762,0.0,Over / On Target
2024-09-18,1002,1623.0,1679,56.0,103.45040049291437,1.0,Over / On Target
2024-09-19,1003,452.0,448,-4.0,99.11504424778761,0.0,Under Produced
2024-09-20,1005,1069.0,1110,41.0,103.83536014967258,0.0,Over / On Target
2024-09-21,1004,1300.0,1292,-8.0,99.38461538461539,0.5,Under Produced
2024-09-22,1005,1943.0,1873,-70.0,96.3973237261966,0.0,Under Produced
2024-09-23,1001,1125.0,1201,76.0,106.75555555555556,1.0,Over / On Target
2024-09-24,1001,2021.0,1881,-140.0,93.07273626917367,2.0,Under Produced
2024-09-25,1003,939.0,1007,68.0,107.24174653887113,1.0,Over / On Target
2024-09-26,1002,147.0,149,2.0,101.36054421768708,0.0,Over / On Target
